Workbook
Name _PP1: #REF!
Name _PP2: #REF!
Name _PP3: #REF!
Name _PP4: #REF!
Name _SB1: #REF!
Name _SB2: #REF!
Name _SB3: #REF!
Name _SB4: #REF!
Name AddPage: #REF!
Name btnCls_Click: #REF!
Name btnOk_Click: #REF!
Name BytecountMain: #REF!
Name cal_index_size: #REF!
Name cal_table_size: #REF!
Name ChCHECK1: #REF!
Name ChCHECK2: #REF!
Name cmdWho_Click: #REF!
Name CULC.cal_index_size: #REF!
Name DEL: #REF!
Name Dialog_Show: #REF!
Name edtAuthor_Change: #REF!
Name edtSaetu_Change: #REF!
Name edtSyonin_Change: #REF!
Name Endmsg2: #REF!
Name Endmsg3: #REF!
Name ＪＪ: #REF!
Name KAKOMU1: #REF!
Name KAKOMU2: #REF!
Name ＫＫＫ: #REF!
Name main: #REF!
Name main2: #REF!
Name modAbout.Dialog_Show: #REF!
Name Module1.SEL_DEL: #REF!
Name NowDate: #REF!
Name OptCHECK1: #REF!
Name OptCHECK2: #REF!
Name PRICELST: #REF!
Name printera3: #REF!
Name PRINTERA4: #REF!
Name printerA4yoko: #REF!
Name prmouta: #REF!
Name prmoutall: #REF!
Name prmoutb: #REF!
Name prmoutc: #REF!
Name prmoutd: #REF!
Name prmoute: #REF!
Name prmoutf: #REF!
Name prmoutg: #REF!
Name prmouth: #REF!
Name prmouti: #REF!
Name prmoutj: #REF!
Name prmoutk: #REF!
Name prmoutl: #REF!
Name prmoutm: #REF!
Name prmoutn: #REF!
Name prmouto: #REF!
Name prmoutp: #REF!
Name prmoutq: #REF!
Name prmoutr: #REF!
Name prmouts: #REF!

Sheet 表紙
B2: =MID(CELL("filename",$A$1),FIND("[",CELL("filename",$A$1))+1,FIND("]",CELL("filename",$A$1))-FIND("[",CELL("filename",$A$1))-1-LEN(".xls")) -> 21基本_MS盤_03_SCB、POM基本設計書_v1.4_R01_20240703_work. | I2: SCB/POMサーバ基本設計書（AEP基盤編）
L16: 承認 | P16: 作成
P17: 44566
P18: MSYS

Sheet 更新履歴
A1: SCB/POMサーバ基本設計書（AEP基盤編） 更新履歴
A3: 契約番号 | I3: - | AD3: システム名 | AM3: コールセンターシステム | BR3: 承認者 | BY3: 作成者 | CA3: MSYS
A4: プロジェクト名 | I4: CC改革2.0 | AD4: サブシステム名 | AM4: SMCC-IVR
AD5: 作成日 | AO5: 改定日 | AZ5: 承認日 | BK5: 版数 | BN5: 1.4
B8: Ver. | I8: 改定年月日 | R8: 改定概要 | BT8: 改定者
B10: 1.0 | I10: 2022/1/5 | R10: 初版 | BT10: MSYS
B12: 1.1 | I12: 2022/4/7 | R12: ・JRI様修正分（ネットワークフィルタリングに関する記載）の反映（4-2） ・ポート番号修正（4-2-2 ⑧） ・監視等の通信経路を追加（4-2-2） ・監視等の通信の暗号化の記載を追加（8-2-1） ・時刻同期通信の通信経路を追加（4-2-2） ・SNMPトラップ送信の通信経路を追加（4-2-2） | BT12: MSYS
B13: 1.2 | I13: 2022/8/31 | R13: ・「OP空き情報取得」による通信を非暗号化に修正（8-2-1 通信の暗号化 ⑩） | BT13: MSYS
B14: 1.3 | I14: 2022/10/25 | R14: ・POMメンテナンス機能を追加（6-3.POM機能設計 (ﾒﾝﾃ)） | BT14: MSYS
B15: 1.4 | I15: 2024/7/3 | R15: 6-3-7. ジョブスケジュールに「POMサービス起動状態チェック」を追加 6-3-4. ログローテションに「POMサービス起動状態チェック」での出力ログファイルを追加 | BT15: MSYS

Sheet 目次
A1: SCM/POMサーバ基本設計書（AEP基盤編） 目次
A3: 契約番号 | I3: - | AD3: システム名 | AM3: コールセンターシステム | BR3: 承認者 | BY3: 作成者 | CA3: MSYS
A4: プロジェクト名 | I4: CC改革2.0 | AD4: サブシステム名 | AM4: SMCC-IVR
AD5: 作成日 | AH5: 44556 | AO5: 改定日 | AZ5: 承認日 | BK5: 版数 | BN5: 1
F11: 1.システム概要 | V11: 1-1.システム導入の目的 | AV11: 8.セキュリティ設計 | BL11: 8-1.ID設計（ユーザ管理）
V12: 1-2.システム全体構成 | BL12: 8-2.暗号化
BM13: 8-2-1 通信の暗号化
F14: 2. 構成概要 | V14: 2-1.SCB、POM、POMDB | BM14: 8-2-2 保持データの暗号化
W15: 2-1-1.SCB、POM システム構築範囲 | BL15: 8-3. アクセスコントロール
W16: 2-1-2.SCB、POM、POMDB 設計・構築対象製品 | BL16: 8-4.セキュリティパッチ適用
BL17: 8-5.ネットワークフィルタリング
F18: 3.HW SW構成 | V18: 3‐1 仮想サーバレイアウト
V19: 3-2.HW構成 | AV19: 9.ミドルウェアキャパシティ設計 | BL19: 9-1.基礎数値
W20: 3-2-1. Avaya社の推奨環境 | BL20: 9-2.ライセンス
W21: 3-2-2.担保すべき業務量 | BL21: 9-3.システム上限数量
W22: 3-2-3.HW構成内容（必要スペック）
V23: 3-3.SW構成 | AV23: 10.障害対策設計 | BL23: 10-1.障害対策方針
W24: 3-3-1. サーバ | BL24: 10-2.障害時の影響とその対策
W25: 3-3-2. 端末 | BM25: 10-2-1 サーバ障害
BM26: 10-2-2 ブレード障害
F27: 4.NW構成 | V27: 4-1.NWセグメント構成
W28: 4-1-1.NWセグメントについて | AV28: 11.運用設計
V29: 4-2.ネットワーク論理構成
W30: 4-2-1.ネットワーク論理構成図 | AV30: 12.ホスト名ネーミングルール
W31: 4-2-2.ネットワーク帯域
W32: 4-2-3.ネットワークフィルタリング | AV32: 13.バックアップサーバ設計
F34: 5.SCB機能設計 | V34: 5-1. 全体概要 | AV34: 14.時刻同期設計
V35: 5-2. 業務機能
V36: 5-3. メンテナンス機能 | AV36: 15.用語集
V37: 5-4. 管理機能
F39: 6.POM機能設計 | V39: 6-1. 全体概要
V40: 6-2. 業務機能
V41: 6-3. メンテナンス機能
V42: 6-4. 管理機能
F44: 7.POMDB機能設計 | V44: 7-1. 全体概要
V45: 7-2. メンテナンス機能

Sheet 1.システム概要
A1: SCM/POMサーバ基本設計書（AEP基盤編） システム概要
A3: 契約番号 | I3: - | AD3: システム名 | AM3: コールセンターシステム | BR3: 承認者 | BY3: 作成者 | CA3: MSYS
A4: プロジェクト名 | I4: CC改革2.0 | AD4: サブシステム名 | AM4: SMCC-IVR
AD5: 作成日 | AH5: 44566 | AO5: 改定日 | AZ5: 承認日 | BK5: 版数 | BN5: 1
B9: 1.システム概要（折電受付・自動架電）
C11: 1-1.システム導入の目的
E13: 現在、コンタクトセンター業務は受電が中心となっており、
E14: 時間帯ごとの繁閑に合わせた人員配置を行うものの、効率化に限界がある状況である。
E16: 折返しによる「架電中心」へシフトすることにより、
E17: オペレーター配置の平準化・通話時間短縮が可能になることで、人員抑制を見込む。
E19: 現行のCTI基盤上に新規サーバ、及び新規アプリケーションを導入することにより、
E20: 折電受付・自動架電システムを実現する。
E22: 本ファイルでは、折電受付・自動架電システムに絞った内容の記載を行う。
C45: 1-2.システム全体概要
D46: システム全体概要については以下のとおり。
D48: [図 1-2-1 システム全体概要]
D88: [表 1-2-1 機能概要]
D89: No. | G89: 項目 | S89: 図 1-2-1 | Y89: 機能概要 | AP89: 内容
D90: 1 | G90: 折電予約の登録 | S90: ① | Y90: 折電予約 | AP90: 顧客（会員）がIVR受付フロー（折電予約）を介して折電の希望時間を指定し、折電を予約する
D91: 2 | S91: ② | Y91: 折電予約登録 | AP91: ①で予約された折電予約をSCBへ登録する
D92: 3 | S92: ③ | Y92: ｺｰﾙﾊﾞｯｸ登録 | AP92: ②のｺｰﾙﾊﾞｯｸ（折電予約）をSCB-DBへ登録する
D93: 4 | S93: ⑥ | Y93: ｺﾝﾀｸﾄﾘｽﾄ登録 | AP93: ③のｺｰﾙﾊﾞｯｸを、POMへ連携することで、ｺﾝﾀｸﾄﾘｽﾄを登録する。連携するｺﾝﾀｸﾄﾘｽﾄは初回架電、再架電の2種類存在する。本データが架電時の顧客リストとなる。
D94: 5 | G94: 架電 | S94: ⑦、⑧ | Y94: 架電制御 | AP94: POM-DBに登録されたｺﾝﾀｸﾄﾘｽﾄを参照し、架電を制御する
D95: 6 | S95: ⑨ | Y95: 架電 | AP95: ｺﾝﾀｸﾄﾘｽﾄの顧客に対して、架電する
D96: 7 | S96: ⑩ | Y96: オペレータ空き情報取得 | AP96: ⑨の架電量（発信数）を制御するため、CMSからｵﾍﾟﾚｰﾀの空き情報を取得する
D97: 8 | S97: ⑪ | Y97: IVR転送 | AP97: ⑨で顧客応答後（接続後）、IVR着信フローに転送する
D98: 9 | S98: ⑫ | Y98: ｺﾝﾀｸﾄﾘｽﾄ取得 | AP98: IVR着信フローに必要なｺﾝﾀｸﾄﾘｽﾄ（顧客情報）をPOMから取得する
D99: 10 | G99: 架電結果の反映 | S99: ⑬ | Y99: オペレータ着信 | AP99: オペレータに着信し、顧客と通話可能な状態になる
D100: 11 | S100: ⑬ | Y100: 架電結果連携 | AP100: 架電結果をSCB-DBへ連携する
D101: 12 | G101: 管理 | M101: 業務 | S101: ④、⑤ | Y101: ｺｰﾙﾊﾞｯｸ状態確認、出力 | AP101: 業務管理者が、SCB管理機能を利用し、ｺｰﾙﾊﾞｯｸ状態の確認、及びファイル出力する
D102: 13 | S102: ⑮、⑯ | Y102: ｺｰﾙﾊﾞｯｸｷｬﾝｾﾙ | AP102: 業務管理者が、ｺｰﾙﾊﾞｯｸ予約のｷｬﾝｾﾙを行う。ｺｰﾙﾊﾞｯｸｷｬﾝｾﾙ時は、ｷｬﾝｾﾙ指定したｺｰﾙﾊﾞｯｸとあわせて、POM側のｺｰﾙﾊﾞｯｸ（ｺﾝﾀｸﾄﾘｽﾄ）もｷｬﾝｾﾙする。
D103: 14 | M103: 開発・保守 | S103: ⑰ | Y103: 開発・保守（SCB） | AP103: ｼｽﾃﾑ管理者（SCB開発・保守担当者）が、SCB管理画面より開発・保守作業を行う。
D104: 15 | S104: ⑱ | Y104: 開発・保守（POM） | AP104: ｼｽﾃﾑ管理者（POM開発・保守担当者）が、POM管理画面より開発・保守作業を行う。

Sheet 2. 構成概要
A1: SCB/POMサーバ基本設計書（AEP基盤編） 構成概要
A3: 契約番号 | I3: - | AD3: システム名 | AM3: =目次!AM3 -> コールセンターシステム | BR3: 承認者 | BY3: 作成者 | CA3: MSYS
A4: プロジェクト名 | I4: =目次!I4 -> CC改革2.0 | AD4: サブシステム名 | AM4: =目次!AM4 -> SMCC-IVR
AD5: 作成日 | AH5: 44557 | AO5: 改定日 | AZ5: 承認日 | BK5: 版数 | BN5: 1
B9: 2. 構成概要
C11: 2-1.SCB、POM、POMDB
E13: 共通基盤に物理サーバを環境（本番、研修、開発）毎に1台ずつ、計3台増設する。
E14: 本番、研修、開発サーバ上にVMwareにて仮想サーバを3台ずつ、計9台構築する。
C16: 2-1-1.SCB、POM システム構築範囲
D18: 本システムの対象となる拠点を以下に示す。
D20: 拠点名 | S20: 説明
D21: 鰻谷センター | S21: SCB/POMサーバ群を共通基盤へ構築する拠点。（本番環境/研修環境）
D22: 大和センター | S22: SCB/POMサーバ群を共通基盤へ構築する拠点。（開発環境）
C47: 2-1-2.SCB、POM、POMDB 設計・構築対象製品
E48: 本システムの設計・構築対象プロダクトを以下に示す。なお、役割や選定バージョンといった各種情報は「3.HWSW構成」に記述する。
E49: 本システムの全体構成に関しては、「21基本_MS盤_01_基盤共通基本設計書（AEP基盤編）」を参照。
D51: <本番環境>
D52: 拠点名 | M52: 機器 | U52: プロダクト | AC52: 構築形態 | AM52: 構成 | BM52: 備考
D53: 鰻谷センター | M53: SCB | U53: SCB | AC53: 仮想(共通基盤) | AM53: SCB
M55: POM | U55: POM | AC55: 仮想(共通基盤) | AM55: POM
AC56: 仮想(共通基盤) | AM56: EPM
AC57: 仮想(共通基盤) | AM57: MPP
M58: POMDB | U58: SCB-DB | AC58: 仮想(共通基盤) | AM58: SCB-DB
U59: POM-DB | AC59: 仮想(共通基盤) | AM59: POM-DB
D61: <研修環境>
D62: 拠点名 | M62: 機器 | U62: プロダクト | AC62: 構築形態 | AM62: 機器名称 | BM62: 備考
D63: 鰻谷センター | M63: SCB | U63: SCB | AC63: 仮想(共通基盤) | AM63: SCB
M65: POM | U65: POM | AC65: 仮想(共通基盤) | AM65: POM
AC66: 仮想(共通基盤) | AM66: EPM
AC67: 仮想(共通基盤) | AM67: MPP
M68: POMDB | U68: SCB-DB | AC68: 仮想(共通基盤) | AM68: SCB-DB
U69: POM-DB | AC69: 仮想(共通基盤) | AM69: POM-DB
D71: <開発環境>
D72: 拠点名 | M72: 機器 | U72: プロダクト | AC72: 構築形態 | AM72: 機器名称 | BM72: 備考
D73: 大和センター | M73: SCB | U73: SCB | AC73: 仮想(共通基盤) | AM73: SCB
M75: POM | U75: POM | AC75: 仮想(共通基盤) | AM75: POM
AC76: 仮想(共通基盤) | AM76: EPM
AC77: 仮想(共通基盤) | AM77: MPP
M78: POMDB | U78: SCB-DB | AC78: 仮想(共通基盤) | AM78: SCB-DB
U79: POM-DB | AC79: 仮想(共通基盤) | AM79: POM-DB

Sheet 3.HW SW構成
A1: SCB/POMサーバ基本設計書（AEP基盤編） HW SW構成
A3: 契約番号 | I3: - | AD3: システム名 | AM3: =目次!AM3 -> コールセンターシステム | BR3: 承認者 | BY3: 作成者 | CA3: MSYS
A4: プロジェクト名 | I4: =目次!I4 -> CC改革2.0 | AD4: サブシステム名 | AM4: =目次!AM4 -> SMCC-IVR
AD5: 作成日 | AH5: 44566 | AO5: 改定日 | AZ5: 承認日 | BK5: 版数 | BN5: 1
B9: 3.HW SW構成
C11: 3‐1 仮想サーバレイアウト
E12: 下記に本システム導入に伴い、増設する各サーバレイアウト構成を示す。
E13: また、仮想機器における共通基盤機器は以下の配置方針に準拠し、設計する。
E15: ・機器への配置先はWindows共通基盤となる。※Windows共通基盤のスペックは「Windows共通基盤ガイド」を参照
E16: ・CPUコア数は機器ごと有効利用できるよう配置する。
E19: (1) 鰻谷センター仮想サーバレイアウト（本番、研修環境）
E50: (2) 大和センター仮想サーバレイアウト（開発環境）
C88: 3-2.HW構成
D90: SCB、POMの導入に伴い、導入後の予測される業務量を担保できる内容でHW構成を設計する。
D91: また、導入機器については全て仮想機器であることから、物理環境のHW構成は記載の対象外とする。
D92: 仮想機器におけるHW構成については以下の通り。
D94: 3-2-1.担保すべき業務量
F95: 必要スペックを決めるにあたって、基準値は以下の通り。（SMCC提示情報に基づく）
F97: No. | H97: 項目 | AA97: 担保すべき業務量 （平均）
F98: 1 | H98: 折電時の顧客接続率 | AA98: OP接続率：70%、PD架電応答率（留守電含む）：90%
F99: 2 | H99: 架電対応OP数 | AA99: 100人/日
F100: 3 | H100: 平均通話時間/件 | AA100: OPとの平均通話時間：475秒、PD架電時間：50秒
F101: 4 | H101: 折電予約受付数/時 | AA101: 1,344件
F102: 5 | H102: 折電を受ける日数 | AA102: 3日（当日、翌日、翌々日（※）） ※当日、翌日に空きが無い場合のみ
F103: 6 | H103: 予約データの保存期間 | AA103: 実行結果一覧：7日間 サマリレポート：180日間
D106: 3-2-2.HW構成内容（必要スペック）
E108: (1) | G108: 前提条件（システムキャパシティ 等）
F109: No. | H109: 製品 | Q109: 項目 | AF109: 値
G110: 1 | H110: SCB | Q110: ジョブ数 | AF110: 50 まで
G111: 2 | Q111: 折電予約受付数/day | AF111: 5,000件
G112: 3 | Q112: 予約データの保存期間 | AF112: 7日間（ただし、サマリーレポートについては180日間とする）
G113: 4 | H113: POM | Q113: POMジョブ登録数 | AF113: 100 まで(※)
G114: 5 | Q114: POMジョブ同時実行数 | AF114: 85 まで(※)
G115: 6 | H115: MPP | Q115: 同時発信数 | AF115: 250 コールまで
F117: ※ POMのキャパシティとしては記載のとおりとなるが、今回の構成ではSCBと組み合わせるため、本システムとしてはSCBの50がジョブの上限数となる
F120: ジョブ、キャンペーン、スキルの関連については別紙「21基本_MS盤_03_SCB・POM基本設計書_別紙①_システム動作概要図」を参照のこと
E125: (2) | G125: 必要スペック
F126: SCB、POM、POMDBの確保すべきスペック構成を以下の内容で定義する。
F127: No. | H127: 項目 | Q127: SCB | AA127: POM | AT127: POMDB | BE127: 根拠
AK128: MPP
F129: 1 | H129: CPU | Q129: 4 Core以上 | AA129: 8 Core以上 | AK129: - | AT129: 24 Core以上 | BE129: 1時間あたりのコール数を1344件/h（3-2-1 No.4参照）とし、Avaya社推奨値を採用
F130: 2 | H130: メモリ | Q130: 4 GB以上 | AA130: 16 GB以上 | AK130: - | AT130: 32 GB以上 | BE130: 1時間あたりのコール数を1344件/h（3-2-1 No.4参照）とし、Avaya社推奨値を採用
F131: 3 | H131: ディスク容量 | Q131: 100 GB以上 | AA131: 500 GB以上 | AK131: - | AT131: 125 GB以上 | BE131: ・SCB／POM Avaya推奨 ・DB 同時発信数（No.4 MPPチャネル数 ）を26コールとし、Avaya社推奨値を採用
G132: 4 | H132: チャネル | Q132: - | AA132: - | AK132: 26 チャネル | AT132: - | BE132: SMCC／JRI様と検討協議した結果、26チャネルとする
F133: 5 | H133: NIC | Q133: 「4.NW構成」にて定義する。
C154: 3-3.SW構成
D155: 3-3-1. サーバ
D156: 各SWのバージョンについては、原則、基本設計時の最新バージョンを採用することとする。
D157: 機器名 | J157: 分類 | P157: メーカー | W157: ソフトウェア | AP157: バージョン | AY157: 数量 | BK157: 備考
AY158: 本番 | BB158: 検証 | BE158: 開発 | BH158: 合計
D159: SCB | J159: OS | P159: Red Hat | W159: Red Hat Enterprise Linux（64bit版） | AP159: 8.5 | AY159: 1 | BB159: 1 | BE159: 1 | BH159: 3
J160: ﾐﾄﾞﾙｳｪｱ | P160: Avaya | W160: SCB（SmartCB） | AP160: 2.3 | AY160: 1 | BB160: 1 | BE160: 1 | BH160: 3 | BK160: jarファイル Core：SmartCB-2.3.0-RELEASE.jar（2022年10月適用） UI：SmartCB-UI-2.3.0-RELEASE.jar（2022年4月適用）
P161: - | W161: Java（64bit版） | AP161: OpenJDK 11.0.13 | AY161: 1 | BB161: 1 | BE161: 1 | BH161: 3
D162: POM | J162: OS | P162: Avaya | W162: Avaya Enterprise Linux（64bit版） | AP162: 8.2 | AY162: 1 | BB162: 1 | BE162: 1 | BH162: 3
J163: ﾐﾄﾞﾙｳｪｱ | P163: Avaya | W163: POM （Avaya Proactive Outreach Manager） | AP163: 4.0.1 | AY163: 1 | BB163: 1 | BE163: 1 | BH163: 3 | BK163: 2022年2月時点最新のパッチ（patch4）を適用
P164: Avaya | W164: EPM （Experience Portal Manger） | AP164: 8.1 | AY164: 1 | BB164: 1 | BE164: 1 | BH164: 3
P165: Avaya | W165: MPP （Media Processing Platform） | AP165: 8.1 | AY165: 1 | BB165: 1 | BE165: 1 | BH165: 3 | BK165: EPMのバージョンに依存
D166: POMDB | J166: OS | P166: Red Hat | W166: Red Hat Enterprise Linux（64bit版） | AP166: 8.5 | AY166: 1 | BB166: 1 | BE166: 1 | BH166: 3
J167: ﾐﾄﾞﾙｳｪｱ | P167: Oracle | W167: Oracle Database | AP167: 19c(19.10) | AY167: 1 | BB167: 1 | BE167: 1 | BH167: 3 | BK167: 2022年2月時点最新のPSR適用
D189: 3-3-2. 端末
D191: 折電機能導入にあたり、Avaya社の前提条件を満たす内容で設計する。
D192: 詳細については以下の通り。
D194: (1) | F194: Avaya社の環境条件
F195: Avaya社が提示する前提となる端末環境は以下の通り。
F196: ■SCB管理画面
F197: No. | H197: 項目 | W197: 端末 | AX197: 備考
F198: 1 | H198: ブラウザ | W198: Firefox, Google Chrome | AX198: Google Chromeに関しては、最新バージョン推奨する旨、 Avayaより2021/12/27に回答あり
F201: ■POM管理画面
F202: No. | H202: 項目 | W202: 端末 | AX202: 備考
F203: 1 | H203: ブラウザ | W203: Firefox（61.x）, Google Chrome（8x.x）, Internet Explorer（11）, Safari（13.x）
D207: (2) | F207: 端末構成
F208: (1）より、端末で利用するブラウザを以下とする。
F209: ただし、POM管理画面においては、ユーザ側の業務では利用しないことを前提とし、開発や保守作業でのみ利用する。
F211: ■SCB管理画面
F212: No. | H212: 項目 | W212: 端末 | AX212: 備考
F213: 1 | H213: ブラウザ | W213: Google Chrome
F215: ■POM管理画面
F216: No. | H216: 項目 | W216: 端末 | AX216: 備考
F217: 1 | H217: ブラウザ | W217: Internet Explorer（11）

Sheet 4.NW構成
A1: SCB/POMサーバ基本設計書（AEP基盤編） NW構成
A3: 契約番号 | I3: - | AD3: システム名 | AM3: =目次!AM3 -> コールセンターシステム | BR3: 承認者 | BY3: 作成者 | CA3: MSYS
A4: プロジェクト名 | I4: =目次!I4 -> CC改革2.0 | AD4: サブシステム名 | AM4: =目次!AM4 -> SMCC-IVR
AD5: 作成日 | AH5: 44566 | AO5: 改定日 | AZ5: 承認日 | BK5: 版数 | BN5: 1
B9: 4.NW構成
C10: 4-1.NWセグメントについて
D12: 本システムよる通信を行うNW種別は下記2種類となる。
D13: ・音声NW | L13: ：PBXの制御や音声パケットの通信を行う。
D14: ・データNW | L14: ：周辺システムとの連携や拠点端末との通信、運用監視を行う。
D16: NWセグメントの種別は下記の通り
D17: NW種別 | M17: 対象 | P17: セグメント | BL17: インテル共通基盤 | BU17: 接続先
P18: 名称 | AA18: 用途 | BL18: LAN種別(※1) | BU18: WAN(※2)
D19: 音声NW | M19: 〇 | P19: PBX制御音声 | AA19: ・PBXやそのコンポーネントとの音声や制御信号の通信に利用（PBXとの受架電） | BL19: 業務LAN | BU19: 音声
P21: PBX管理 | AA21: ・NTPサーバとの時刻同期 | BL21: 業務LAN
AA22: ・POM/SCB管理画面へのメンテナンスアクセス通信
AA23: ・Backup/Syslogサーバとのバックアップ通信
D24: データNW | M24: 〇 | P24: データ | AA24: ・折電受付フローとのREST通信 | BL24: 業務LAN | BU24: SMCCネットワーク
AA25: ・架電データ投入（REST通信）
AA26: ・架電結果データ取得（REST通信）
AA27: ・顧客情報連携のための通信
AA28: ・POMDBへのデータ保存、更新、参照のための通信
AA29: ・スキル毎のオペレータの空き状況取得のための通信
AA30: ・音声フローを実行するための通信
AA31: ・運用、監視を行うための通信
AA32: ・SCB管理画面への業務アクセス通信
D34: (※1)LAN種別は「業務LAN」で固定。業務LANを上記のセグメントにVLANで分割する。 | BE34: 〇：折電機能（SCB、POM）で利用する（実装する）
D35: (※2)WANは音声とデータで物理的に分離。 | BE35: ×：折電機能（SCB、POM）で利用しない（実装しない）
C49: 4-2.ネットワーク論理構成
D50: 4-2-1.ネットワーク論理構成図
E51: 本システムのネットワーク論理構成図を以下に示す。（※1）
E52: 以下は、本番環境をベースに記載しているが、研修環境、開発環境も同じ構成である。
BP59: （PBX制御音声セグメント）
BQ60: ① POM⇔G450
BP61: （PBX管理セグメント）
BQ62: ⑫ SCB⇒Backup
BQ63: ⑬ POM⇒Backup
BQ64: ⑭ POMDB⇒Backup
BP65: （データセグメント）
BQ66: ② WAS⇒SCB
BQ67: ③ SCB⇒POM
BQ68: ④ POM⇒SCB
BQ69: ⑤ WAS⇒POM
BQ70: ⑥ SCB⇒POMDB
BQ71: ⑦ POM⇒POMDB
BQ72: ⑧ SAT端末⇒SCB
BQ73: ⑨ SAT端末⇒POM
BQ74: ⑩ POM⇒CMS(#2)
BQ75: ⑪ POM⇒WAS
BQ76: ⑮ POM⇒SCB
BQ77: ⑯ IVRDB(#2)⇒POM
... BQ86: ㉕ 運用席⇒POMDB
C87: （※1） | F87: 上記構成以外で、POM、SCB、DBサーバにて時刻同期通信が発生する。（利用セグメントは原則PBX管理セグメント） | BQ87: ㉖ JRI土佐堀⇒SCB
F88: 詳細は「14.時刻同期設計」参照。 | BQ88: ㉗ JRI土佐堀⇒POM
C89: （※2） | F89: システムの詳細な構成、及びNW構成は本資料の記述対象外のため省略。 | BQ89: ㉘ JRI土佐堀⇒POMDB
F90: なお、⑩の通信はCMS#2とのみ行われる。（詳細は4-3に記載の表の備考参照） | BQ90: ㉙ JRI大崎第二⇒SCB
C91: （※3） | F91: フィルタリングについての詳細は「4-2-3.ネットワークフィルタリング」参照。 | BQ91: ㉚ JRI大崎第二⇒POM
F92: なお、⑩の通信はCMS#2とのみ行われる。（詳細は4-3に記載の表の備考参照） | BQ92: ㉛ JRI大崎第二⇒POMDB
C95: 4-2-2.ネットワーク帯域、通信プロトコル、通信ポート
D97: 本システムにおいて、通信プロトコル、ポート、及び業務時間帯に継続的に発生する通信トラフィックの必要帯域を以下に示す。
D98: 単位時間あたりのトラフィックは、各通信にて発生する最大データ量より決定。
D100: No. | G100: From | K100: To | O100: NW種別 | T100: セグメント | AA100: 利用プロトコル | AH100: 利用ポート | AM100: 業務量 | AQ100: 単位時間あたりのﾄﾗﾌｨｯｸ | AX100: 必要帯域 | BE100: 備考
D101: （※１） | G101: （※6）
D102: ① (※２) | G102: POM | K102: G450 | O102: 音声NW | T102: PBX制御音声 | AA102: H.323 | AH102: 1719 | AM102: 26 | AO102: CH | AQ102: 35 | AU102: kbps | AX102: =AM102*AQ102/1000 -> 0.91 | BB102: Mbps | BE102: 音声や制御信号の通信（MPPとしての役割） 本通信に関しては、H.323プロトコルで通信を行う。 H.323プロトコルの場合、1CH当たりのトラフィック量は35kbps固定。
D103: ② | G103: WAS | K103: SCB | O103: データNW | T103: データ | AA103: HTTPS | AH103: 443 | AM103: 400 | AO103: 件 | AQ103: 226.8 | AU103: kbps | AX103: =AM103*AQ103/1000 -> 90.72 | BB103: Mbps | BE103: 折電受付フローとのREST通信（同時折電予約数） インバウンドのMPP（計400ch）のすべてに同時アクセスする前提で算出した
D104: ③ | G104: SCB | K104: POM | O104: データNW | T104: データ | AA104: HTTPS | AH104: 443 | AM104: 1 | AO104: 台 | AQ104: 80 | AU104: kbps | AX104: =AM104*AQ104/1000 -> 0.08 | BB104: Mbps | BE104: 架電データ投入（REST通信）
D105: ④ | G105: POM | K105: SCB | O105: データNW | T105: データ | AA105: HTTPS | AH105: 443 | AM105: 1 | AO105: 台 | AQ105: 6.3 | AU105: kbps | AX105: =AM105*AQ105/1000 -> 0.0063 | BB105: Mbps | BE105: 架電結果データ取得（REST通信）
D106: ⑤ | G106: WAS | K106: POM | O106: データNW | T106: データ | AA106: HTTPS | AH106: 443 | AM106: 26 | AO106: CH | AQ106: 9 | AU106: kbps | AX106: =AM106*AQ106/1000 -> 0.234 | BB106: Mbps | BE106: 顧客情報連携のための通信
D107: ⑥ | G107: SCB | K107: POMDB | O107: データNW | T107: データ | AA107: TCP | AH107: 1521 | AM107: 1 | AO107: 台 | AQ107: 12 | AU107: kbps | AX107: =AM107*AQ107/1000 -> 0.012 | BB107: Mbps | BE107: SCB-DBへのデータ保存、更新、参照のための通信
D108: ⑦ | G108: POM | K108: POMDB | O108: データNW | T108: データ | AA108: TCP | AH108: 1521 | AM108: 1 | AO108: 台 | AQ108: 190000 | AU108: kbps | AX108: =AM108*AQ108/1000 -> 190 | BB108: Mbps | BE108: POM-DBへのデータ保存、更新、参照のための通信
D109: ⑧ | G109: 運用管理 | K109: SCB | O109: データNW | T109: データ | AA109: HTTPS | AH109: 10443 | AM109: 1 | AO109: 台 | AQ109: 30000 | AU109: kbps | AX109: =AM109*AQ109/1000 -> 30 | BB109: Mbps | BE109: SCB管理画面へのメンテナンスアクセス通信
D110: ⑨ | G110: 運用管理 | K110: POM | O110: データNW | T110: データ | AA110: HTTPS | AH110: 443 | AM110: 1 | AO110: 台 | AQ110: 190198 | AU110: kbps | AX110: =AM110*AQ110/1000 -> 190.198 | BB110: Mbps | BE110: POM管理画面へのメンテナンスアクセス通信
D111: ⑩ | G111: CMS (#2) ※ACD1、ACD2 （※７） | K111: POM | O111: データNW | T111: データ | AA111: TCP | AH111: 7002 | AM111: 26 | AO111: skill | AQ111: 0.15 | AU111: kbps | AX111: =AM111*AQ111/1000 -> 0.0039 | BB111: Mbps | BE111: POMの架電のペーシングするために、スキル毎のオペレータの空き状況取得するための通信 RT_Socket（※３）を実装しているのが、CMS#2なので、 #2と通信を行う。（#1はRT_Socketを実装していない） また、製品制約により、POMへの接続はCMSは1台のみとなり、CMS#2（ACD#2）の接続とする。ただし、CMS#2（ACD#1）も接続できるようfirewalldの許可に設定する。
D112: ⑪ | G112: POM | K112: WAS 本番#1 | O112: データNW | T112: データ | AA112: HTTP | AH112: 17013 | AM112: 1 | AO112: 台 | AQ112: 800 | AU112: kbps | AX112: =AM112*AQ112/1000 -> 0.8 | BB112: Mbps | BE112: 音声フローを実行するための通信（MPPとしての役割） トラフィック必要帯域は、IVRにて保持する最大の音声ファイルにて算出。 ※音声ファイルはMPPにキャッシュされるため、初回通信、及びMPPがキャッシュクリア（サーバ再起動等）された後の最初のタイミングでのみ、左記トラフィック量の通信が発生する。 ※本通信は、本番と研修、及び開発にて構成、利用ポートが異なるため、研修、開発分の利用ポートを記載
K113: WAS 本番#2 | O113: データNW | T113: データ | AA113: HTTP | AH113: 17012 | AM113: 1 | AO113: 台 | AQ113: 800 | AU113: kbps | AX113: =AM113*AQ113/1000 -> 0.8 | BB113: Mbps
K114: WAS 研修 | O114: データNW | T114: データ | AA114: HTTP | AH114: 17051 | AM114: 1 | AO114: 台 | AQ114: - | AX114: -
K115: WAS 開発 | O115: データNW | T115: データ | AA115: HTTP | AH115: 17011 | AM115: 1 | AO115: 台 | AQ115: - | AX115: -
D116: ⑫ | G116: SCB | K116: Backup | O116: 音声NW | T116: PBX管理 | AA116: NFS | AH116: 2049 | AM116: 1 | AO116: 台 | AQ116: - | AX116: - | BE116: SCBとBackup/Syslogサーバとのバックアップ通信
D117: ⑬ | G117: POM | K117: Backup | O117: 音声NW | T117: PBX管理 | AA117: NFS | AH117: 2049 | AM117: 1 | AO117: 台 | AQ117: - | AX117: - | BE117: POMとBackup/Syslogサーバとのバックアップ通信
D118: ⑭ | G118: POMDB | K118: Backup | O118: 音声NW | T118: PBX管理 | AA118: NFS | AH118: 2049 | AM118: 1 | AO118: 台 | AQ118: - | AX118: - | BE118: POMDBとBackup/Syslogサーバとのバックアップ通信
D119: ⑮ | G119: POM | K119: SCB | O119: データNW | T119: データ | AA119: SYSLOG | AH119: 514 | AM119: 1 | AO119: 台 | AQ119: （※４） | AX119: （※４） | BE119: POMの監視結果（syslog）を転送するのための通信
D120: ⑯ | G120: IVRDB (#2) （※８） | K120: POM | O120: データNW | T120: データ | AA120: SSH | AH120: 22 | AM120: 1 | AO120: 台 | AQ120: (※4) | AX120: （※４） | BE120: JP1経由でIVRDB上のシェルからPOM上の運用ツールを起動するための通信
D121: ⑰ | G121: 業務端末 | K121: SCB | O121: データNW | T121: データ | AA121: HTTPS | AH121: 10443 | AM121: 1 | AO121: 台 | AQ121: 30000 | AU121: kbps | AX121: =AM121*AQ121/1000 -> 30 | BB121: Mbps | BE121: SCB管理画面への業務アクセス通信 （※５）
D122: ⑱ | G122: SCB | K122: 運用監視 （※６） | O122: データNW | T122: データ | AA122: TCP | AH122: 12520、162 | AM122: 1 | AO122: 台 | AQ122: (※4) | AX122: （※４） | BE122: 監視情報を連携するための通信
D123: ⑲ | G123: POMDB | K123: 運用監視 （※６） | O123: データNW | T123: データ | AA123: TCP | AH123: 12520、162 | AM123: 1 | AO123: 台 | AQ123: (※4) | AX123: （※４） | BE123: 監視情報を連携するための通信
D124: ⑳ | G124: 運用監視 （※６） | K124: SCB | O124: データNW | T124: データ | AA124: ICMP、TCP | AH124: 8509、161、162、 21、22 | AM124: 1 | AO124: 台 | AQ124: 0.1 | AU124: kbps | AX124: =AM124*AQ124/1000 -> 0.0001 | BB124: Mbps | BE124: サーバ監視のための通信
D125: ㉑ | G125: 運用監視 （※６） | K125: POM | O125: データNW | T125: データ | AA125: ICMP | AH125: - | AM125: 1 | AO125: 台 | AQ125: 0.1 | AU125: kbps | AX125: =AM125*AQ125/1000 -> 0.0001 | BB125: Mbps | BE125: サーバ死活監視のための通信
D126: ㉒ | G126: 運用監視 （※６） | K126: POMDB | O126: データNW | T126: データ | AA126: ICMP、TCP | AH126: 8509、161、162、 21、22 | AM126: 1 | AO126: 台 | AQ126: 0.1 | AU126: kbps | AX126: =AM126*AQ126/1000 -> 0.0001 | BB126: Mbps | BE126: サーバ監視のための通信
D127: ㉓ | G127: 西九条 | K127: SCB | O127: データNW | T127: データ | AA127: SSH | AH127: 22 | AM127: 1 | AO127: 台 | AQ127: 100 | AU127: kbps | AX127: =AM127*AQ127/1000 -> 0.1 | BB127: Mbps | BE127: サーバ操作のための通信
D128: ㉔ | G128: 西九条 | K128: POM | O128: データNW | T128: データ | AA128: SSH | AH128: 22 | AM128: 1 | AO128: 台 | AQ128: 100 | AU128: kbps | AX128: =AM128*AQ128/1000 -> 0.1 | BB128: Mbps | BE128: サーバ操作のための通信
D129: ㉕ | G129: 西九条 | K129: POMDB | O129: データNW | T129: データ | AA129: SSH | AH129: 22 | AM129: 1 | AO129: 台 | AQ129: 100 | AU129: kbps | AX129: =AM129*AQ129/1000 -> 0.1 | BB129: Mbps | BE129: サーバ操作のための通信
D130: ㉖ | G130: 土佐堀 | K130: SCB | O130: データNW | T130: データ | AA130: SSH | AH130: 22、10443 | AM130: 1 | AO130: 台 | AQ130: 100 | AU130: kbps | AX130: =AM130*AQ130/1000 -> 0.1 | BB130: Mbps | BE130: サーバ操作のための通信
D131: ㉗ | G131: 土佐堀 | K131: POM | O131: データNW | T131: データ | AA131: SSH | AH131: 22、443 | AM131: 1 | AO131: 台 | AQ131: 100 | AU131: kbps | AX131: =AM131*AQ131/1000 -> 0.1 | BB131: Mbps | BE131: サーバ操作のための通信
D132: ㉘ | G132: 土佐堀 | K132: POMDB | O132: データNW | T132: データ | AA132: SSH | AH132: 22 | AM132: 1 | AO132: 台 | AQ132: 100 | AU132: kbps | AX132: =AM132*AQ132/1000 -> 0.1 | BB132: Mbps | BE132: サーバ操作のための通信
D133: ㉙ | G133: 大崎第二 | K133: SCB | O133: データNW | T133: データ | AA133: SSH | AH133: 22、10443 | AM133: 1 | AO133: 台 | AQ133: 100 | AU133: kbps | AX133: =AM133*AQ133/1000 -> 0.1 | BB133: Mbps | BE133: サーバ操作のための通信
D134: ㉚ | G134: 大崎第二 | K134: POM | O134: データNW | T134: データ | AA134: SSH | AH134: 22、443 | AM134: 1 | AO134: 台 | AQ134: 100 | AU134: kbps | AX134: =AM134*AQ134/1000 -> 0.1 | BB134: Mbps | BE134: サーバ操作のための通信
D135: ㉛ | G135: 大崎第二 | K135: POMDB | O135: データNW | T135: データ | AA135: SSH | AH135: 22 | AM135: 1 | AO135: 台 | AQ135: 100 | AU135: kbps | AX135: =AM135*AQ135/1000 -> 0.1 | BB135: Mbps | BE135: サーバ操作のための通信
D136: ⑯ | G136: IVRDB (#2) （※８） | K136: SCB | O136: データNW | T136: データ | AA136: SSH | AH136: 22 | AM136: 1 | AO136: 台 | AQ136: ※8 | AU136: kbps | AX136: ※8 | BB136: Mbps | BE136: JP1経由でIVRDB上のシェルからSCB上の運用ツールを起動するための通信
D137: ⑯ | G137: IVRDB (#2) （※８） | K137: PDB | O137: データNW | T137: データ | AA137: SSH | AH137: 22 | AM137: 1 | AO137: 台 | AQ137: ※8 | AU137: kbps | AX137: ※8 | BB137: Mbps | BE137: JP1経由でIVRDB上のシェルからPDB上の運用ツールを起動するための通信
D138: - | G138: SCB | K138: IVR-DB (#1) | O138: 音声NW | T138: PBX管理 | AA138: UDP | AH138: 123 | AM138: 1 | AO138: 台 | AQ138: 0.1 | AU138: kbps | AX138: =AM138*AQ138/1000 -> 0.0001 | BB138: Mbps | BE138: 時刻同期通信（通常時）
D139: - | K139: IVR-DB (#2) | O139: 音声NW | T139: PBX管理 | AA139: UDP | AH139: 123 | AM139: 1 | AO139: 台 | AQ139: 0.1 | AU139: kbps | AX139: =AM139*AQ139/1000 -> 0.0001 | BB139: Mbps | BE139: 時刻同期通信（IVR-DB #1障害時）
...

Sheet 5-1～5-2.SCB機能設計（全体概要・業務）
A1: SCM/POMサーバ基本設計書（AEP基盤編） SCB機能設計（全体概要・業務）
A3: 契約番号 | I3: - | AD3: システム名 | AM3: =目次!AM3 -> コールセンターシステム | BR3: 承認者 | BY3: 作成者 | CA3: MSYS
A4: プロジェクト名 | I4: =目次!I4 -> CC改革2.0 | AD4: サブシステム名 | AM4: =目次!AM4 -> SMCC-IVR
AD5: 作成日 | AH5: 44578 | AO5: 改定日 | AZ5: 承認日 | BK5: 版数 | BN5: 1
B9: 5.SCB機能設計
C11: 5-1.全体概要
E12: SCB機能のシステム全体概要については以下のとおり。
E50: [表 5-1-2 機能概要]
E51: No. | H51: 項目 | T51: 内容
E52: 1 | H52: 業務 | T52: SCBの折電予約の受付可能時間帯取得、折電予約登録、ｺﾝﾀｸﾄﾘｽﾄを連携などの業務機能を提供する。
E53: 2 | H53: メンテナンス | T53: 監視（プロセス、サーバリソース等）、ログローテーションなどのSCBサーバに関するメンテナンス機能を提供する。
E54: 3 | H54: 管理 | T54: 折電予約情報の状態確認、キャンセル指示等のSCB管理機能を提供する。 SCB管理機能はブラウザを介してアクセスする。
C92: 5-2.業務機能
D93: SCBの業務機能について以下に記載する。
E95: [表 5-2 業務機能]
E96: No. | H96: 項目 | Y96: 内容 | BI96: 備考
E97: 1 | H97: 業務 | M97: 折電予約の登録 | Y97: IVR（折電予約受付フロー）より連携された、折電予約情報をSCB-DBへ登録する。 | BI97: 機能詳細は5-2-1参照
E98: 2 | M98: ｺﾝﾀｸﾄﾘｽﾄ連携 | Y98: SCBにて架電対象となる折電予約情報を抽出、POMへ連携し、コンタクトリストへ登録する。 | BI98: 機能詳細は5-2-3参照
E99: 3 | M99: 架電結果連携 | Y99: POMにて架電した結果をSCBへ連携し、コールバックリストへ登録する。 | BI99: 機能詳細は5-2-2参照
D131: 5-2-1.ｺｰﾙﾊﾞｯｸ(折電予約)の登録
E133: 折電予約は、WASからSCBのAPIを利用することにより実現する。
E134: WAS上のIVR受付フローからのリクエストに応じて、SCBでは予約受付可能な時間帯の連携等のデータ取得、及び予約登録を行う。
E136: ■前提条件
F138: ① | G138: SCB APIの呼び出し元
G139: 折電予約の登録、及び受付可能な時間帯の連携は、IVR受付フローからのリクエストにより実行する。
F141: ② | G141: 利用するAPIについて
G142: IVR受付フローからのリクエストでは、SCBのREST APIを使用する。
F144: ③ | G144: SCBジョブで管理する時間枠の単位
G145: SCBジョブで管理する時間枠の単位は1時間とする。それに伴い受付可能な時間帯枠については１時間単位で管理するものとし、
G146: その単位で受付上限数（折電予約数）を設ける。受付上限数の設定はSCB管理機能により設定する。
F148: ④ | G148: SCBに登録するジョブ数
G149: POMに登録するキャンペーン数を固定数とすることに伴い（Avaya制約）、SCBに登録するジョブ数も固定数とする。
G150: SCBジョブ、POMキャンペーン登録数は、1：1とする。
G151: 用件、優先度を分類するために、SCBジョブ、POMキャンペーンを目的にあわせて登録する。
F153: ⑤ | G153: 折電予約の範囲
G154: 予約は当日、翌日のみならず、翌々日以降も設定することが可能とし、システム的に制限しない。
F156: ⑥ | G156: 折電予約の登録方法
G157: 折電予約はSCB APIを起動することで登録可能とし、ｵﾍﾟﾚｰﾀ、もしくは業務管理者が画面などから手動で登録することはできない。
F159: ⑦ | G159: 折電予約登録後の変更、キャンセル
G160: 折電予約はSCB管理機能にてキャンセル可能とする。詳細は「5-4-1.管理機能一覧 No.7」参照。
G161: ただし、予約時間を含めた折電予約登録後の内容の変更はできないことを前提とする。
E176: ■処理イメージ
E222: ■処理内容
F223: 処理内容を以下に記載する。API詳細については「04_基本設計書_SmartCB-API_」参照。
F225: ① | H225: データ取得（GET）
G226: 折電予約を登録に必要なデータを事前に取得する。ここでは「受付可能な時間帯の取得処理」を例として記載する。
G227: その他の処理については、「04_基本設計書_SmartCB-API_」参照。
G229: 例）受付可能な時間帯の取得処理
H231: IVR（折電予約受付フロー）よりSCBのREST APIを利用して受付可能な予約情報の取得する。APIは受付可能な全ての時間枠を返却する。
F269: ② | H269: 折電予約の登録（POST）
H270: IVR（折電予約受付フロー）にてSCBのREST APIを利用して折電予約登録をリクセストし、折電予約情報を登録する。
D315: 5-2-2.ｺﾝﾀｸﾄﾘｽﾄ連携
E317: SCB（SCB-DB）に登録されたｺｰﾙﾊﾞｯｸ情報（折電予約）を元にｺﾝﾀｸﾄﾘｽﾄを作成し、POMへ連携する。
E318: SCB-DBより架電対象となるｺｰﾙﾊﾞｯｸ情報を取得し、POMのREST APIを利用することにより、ｺﾝﾀｸﾄﾘｽﾄ連携を行う。
E320: SCBの折電予約情報は2種類のデータが存在する。
F321: 1、初回架電扱いの折電予約データ
G322: POM架電を行っていないデータ、もしくはPOMで架電したが架電完了扱いでないもの。
F324: 2、再架電扱いの折電予約データ
G325: POM架電済みだが、SCBで管理するリトライ回数の定義値に架電回数が満たないもの。
E327: また、SCBからPOMへｺﾝﾀｸﾄﾘｽﾄ連携の都度、POM側のｺﾝﾀｸﾄﾘｽﾄは条件（後述）によりソートされる。
E329: ■前提条件
F331: ① | G331: 周期
G332: 1分
F334: ② | G334: 利用するAPIについて
G335: SCBよりPOMへｺﾝﾀｸﾄﾘｽﾄを連携する際、POMのREST APIが使用される。
G336: 使用APIの詳細は、「04_基本設計書_POM-API_」参照。
F338: ③ | G338: SCBの定義値
G339: 再架電する回数（リトライ回数）、再架電間隔（リトライ間隔）を定義する。
G340: リトライ回数、リトライ間隔はSCB管理機能により設定する。
E362: ■処理イメージ
BZ376: e
E409: 具体的な処理内容を以下に示す
F410: ① | H410: 対象のコールバック情報確認
H411: SCB-DBに登録されているコールバックリストからPOM連携対象のコンタクトリストの存在をチェックする。
F413: ② | H413: 対象のコールバック情報取得
H414: 対象のコンタクトリストが存在すれば、全て取得する。抽出条件については以下の通り。
H415: 以下の条件により、初回架電、再架電の両ﾊﾟﾀｰﾝのデータが抽出対象となる。
H416: 対象データがない場合は、処理をスキップする。
H418: ■ コールバック情報抽出条件
H419: No. | J419: 項目名（SCB-DB） | AB419: 条件
H420: 1 | J420: 折電希望日時 | S420: preferredDate | AB420: 本処理の起動日時を超過しているもの | BS420: OR | BW420: AND
H421: 2 | J421: 最終架電時刻 | S421: lastCallbackDate | AB421: リトライ間隔（SCB定義値 ※1）を加算した日時が、本処理の起動日時を超過しているもの
H422: 3 | J422: 架電回数 | S422: outCallCount | AB422: リトライ回数（SCB定義値 ※1）以下であるもの
H423: 4 | J423: ステータス ※2 | S423: resultCode | AB423: 「待ち」であるもの（架電待ち状態）
I425: ※1 SCB定義値
J426: リトライ間隔、リトライ回数については、SCB管理画面で設定する。
I428: ※2 ステータス
J429: SCBステータスに設定される値、イベント別の状態遷移については、「別紙_SCB、POM状態遷移図」参照
F431: ③ | H431: メモリ上に展開
H432: 取得した折電予約情報をメモリ上に展開する。
F434: ④ | H434: コンタクトリスト追加
H435: POMのREST APIを利用して、①で取得した折電予約情報を1件ずつPOMのコンタクトリストに追加する（1件単位でPOMのAPIを起動）
F437: ⑤ | H437: コンタクトリストをソート
H438: POMのコンタクトリストを以下の条件によりソートする。ソート条件についてはPOM管理画面で指定する。
H439: 即時（再架電）→即時（初回架電）→通常（再架電）→通常（初回架電）の順にソートする。
H441: ■ コンタクトリスト ソート条件
H442: No. | J442: 項目名（POM-DB） | Y442: 条件 | AH442: 備考
H443: 1 | J443: 即時フラグ | P443: cbImmediateFlag | Y443: 降順 | AD443: AND | AH443: 設定値は「true:即時指定, false:日時指定（初期値）」。trueを優先的に架電できるようにソートする
H444: 2 | J444: 架電回数 | P444: cbOutCallCount | Y444: 降順 | AH444: 設定値は数値（初期値：0）。架電回数が多いものを優先的に架電できるようにソートする
D447: 5-2-3.架電結果連携
...

Sheet 5-3.SCB機能設計 (ﾒﾝﾃ)
A1: SCM/POMサーバ基本設計書（AEP基盤編） SCB機能設計 (ﾒﾝﾃ)
A3: 契約番号 | I3: - | AD3: システム名 | AM3: =目次!AM3 -> コールセンターシステム | BR3: 承認者 | BY3: 作成者 | CA3: MSYS
A4: プロジェクト名 | I4: =目次!I4 -> CC改革2.0 | AD4: サブシステム名 | AM4: =目次!AM4 -> SMCC-IVR
AD5: 作成日 | AH5: 44578 | AO5: 改定日 | AZ5: 承認日 | BK5: 版数 | BN5: 1
B9: 5-3.メンテナンス機能
C11: SCBのメンテナンス機能について、以下に記載する。
E13: No. | H13: 項目 | AI13: 内容 | BN13: 備考
E14: 1 | H14: メンテナンス | N14: 監視 ※1 | X14: プロセス監視 | AI14: プロセスの正常起動を定期的に監視する | BN14: 機能詳細は5-3-1-1参照
X15: アプリケーション監視 | AI15: アプリケーション正常動作を定期的に監視する | BN15: 機能詳細は5-3-1-2参照
X16: リソース監視 | AI16: CPU、メモリ、ディスク利用率を定期的に監視する | BN16: 機能詳細は5-3-1-3参照
X17: 死活監視 | AI17: 死活を定期的に監視する | BN17: 機能詳細は5-3-1-4参照
E18: 2 | N18: 定期リブート | AI18: SCBのサーバリブートを定期的に行う | BN18: 機能詳細は5-3-2参照
E19: 3 | N19: DBクリア | AI19: 不要になったSCB-DB内のデータを定期的に削除する | BN19: 機能詳細は5-3-3参照
E20: 4 | N20: ログローテーション | AI20: 時間の経過とともに容量が増加する増加率が高いログ等のデータファイルについては、ディスク容量の圧迫を回避するために、データファイル削除を定期的に行う | BN20: 機能詳細は5-3-4参照
E21: 5 | N21: バックアップ | AI21: システム（OSレイヤー）をバックアップする | BN21: 機能詳細は5-3-5参照
E22: 6 | N22: POMキャンペーン停止 | AI22: POMキャンペーンを停止する | BN22: 機能詳細は5-3-6参照
E23: 7 | N23: POMキャンペーン再起動 | AI23: POMキャンペーンを再起動する | BN23: 機能詳細は5-3-7参照
E24: 8 | N24: 処理実績収集 | AI24: ＣＰＵ/DISK使用率など、ハードウェアリソースの使用量を収集する | BN24: 機能詳細は5-3-8参照
E25: 9 | N25: ジョブスケジュール | AI25: 策定されたシステム稼動スケジュールおよびシステムメンテナンススケジュールに沿って各ジョブが起動、実行されるようにスケジュールを設定する | BN25: 機能詳細は5-3-9参照
E26: ※1 HW監視については、JRI様設計の範囲であることから記載の対象外とする。
C29: 5-3-1. 監視機能
D31: 監視機能の全体概要については以下の通り。
D32: 本項では、SCBに関する監視機能を記載する箇所だが、比較のためにPOM、POMDBもあわせて記載する。
D34: サーバ別に監視方法が異なるため、各サーバごとの監視方法を以下に記載する。
D35: 運用ルールに準拠し原則WebSAMエージェントを利用して監視を行うが、POMにおいてはAvayaOSであるため、WebSAMエージェントをインストールした場合、
D36: Avayaサポート対象外となってしまうため、運用ツール（WebSAM監視代替ツール）を利用することで監視する。
D38: ■サーバ別の監視方法
E39: No. | G39: サーバ | O39: OS | AH39: 監視方法
E40: 1 | G40: SCB | O40: Red Hat Enterprise Linux（64bit版） | AH40: WebSAMエージェントをインストールすることで監視する
E41: 2 | G41: POM | O41: Avaya Enterprise Linux（64bit版） | AH41: WebSAM監視代替ツールをデプロイすることで監視する
E42: 3 | G42: POMDB | O42: Red Hat Enterprise Linux（64bit版） | AH42: WebSAMエージェントをインストールすることで監視する
D45: ■システム構成
E46: SCB、POM、POMDBの監視機能のシステム構成については以下の通り。
E47: POMの監視においては運用ツールを利用する。また、運用ツールの起動はIVR-DB(2号機）のJP１エージェント経由で起動する。
E48: JP1エージェントをインストール済のサーバは複数存在するが、サーバリソースに余裕があるもの、冗長化している機器を対象とし、
E49: 運用ツールの起動サーバにIVR-DB(2号機）を選定した。
E89: 5-3-1-1. プロセス監視
F90: SCBのプロセス監視する内容については、以下の通り。
F91: WebSAMエージェントをSCBにインストールすることで、プロセス監視を行う。
F93: No. | I93: 項目 | R93: 監視内容 | AG93: 説明
H94: 1 | I94: SCB | R94: nginxプロセス | AG94: SCBサービスのフロントに位置し、リクエストによりSCB Coreサービスもしくは UIサービスにルーティングするためのプロセス。
H95: 2 | R95: javaプロセス（UI） | AG95: SCBの管理ツールを提供するSCB UIサービスを動作させるためのプロセス。 管理ツールに表示するデータの取得や編集されたデータの保存は、NGINX → SmartCB Coreサービス経由でDBに格納/取得します。
H96: 3 | R96: javaプロセス(Core) | AG96: コールバック制御のコアとなるSCB Coreサービスを動作させるためのプロセス。 DBへのデータ追加/編集/削除/コールバック対象の検索を行う。
E117: 5-3-1-2. アプリケーション監視
F119: アプリケーション監視については、以下の通り。
F121: アプリケーションから出力されるログファイルに検知対象となる文言が出力されているか確認する。
F122: WebSAMエージェントをSCBにインストールすることで、アプリケーション監視を行う。
F124: SCBから提供されている業務、メンテンナンス機能を監視対象とし、基準を以下に定義する。
F125: 以下に記述する「エラー」とは「障害」「警告」レベルのログを指す。
F126: ログレベルは、「運用基本設計書_IVR_12_システム監視方式 12-5. 運用監視項目 (1) ログ監視」の記載内容に準拠する。
G128: 例） | H128: エラー発生により処理は継続するが、明らかに異常な状態であり、調査が必要であるもの
H129: 例えば、DB更新時に更新対象となるレコードが存在しないなど（POMが架電結果をSCBへ更新する）。
F131: 監視対象ログは以下の通り。
F133: No. | H133: 項目 | N133: ログファイル | W133: 出力先 ※1 | AJ133: 説明 | BN133: 監視対象
G134: 1 | H134: SCB | N134: smartcb.log | W134: [SCBインストール先]/ core/logs | AJ134: SCBのCoreサービスのメインとなるログ。 サービスの起動・停止、内部的に実施した処理内容が出力される。 | BN134: 〇
G135: 2 | N135: smartcb-ui.log | W135: [SCBインストール先]/ ui/logs | AJ135: SCBのUIサービスのメインとなるログ。 サービスの起動・停止、内部的に実施した処理内容が出力される。 | BN135: 〇
G136: 3 | N136: interceptor.log | W136: [SCBインストール先]/ core/logs | AJ136: SCBのCoreサービスからSCB-DBへのアクセスログ。 | BN136: 〇
G137: 4 | N137: access.log | W137: /var/log/nginx/ | AJ137: NGINXサービスがHTTPプロトコルを使用した通信のアクセスログ。 | BN137: 〇
G138: 5 | N138: gc.log | W138: [SCBインストール先]/ core/logs | AJ138: SmartCBのCoreサービスにて、javaプロセスのGCが実施された履歴が記録されているログ。 | BN138: -
G139: 6 | N139: gc.log | W139: [SCBインストール先]/ ui/logs | AJ139: SmartCBのUIサービスにて、javaプロセスのGCが実施された履歴が記録されているログ。 | BN139: -
G140: 7 | N140: error.log | W140: /var/log/nginx/ | AJ140: NGINXの設定に定義されていないアクセスが発生した場合のログ。NGINX標準機能。 | BN140: 〇
G141: 8 | N141: jtapi.log | W141: /var/log/nginx/ | AJ141: CTIアクセスログ。 今回SCBにてCTI機能は使用しないため、本ファイルは作成されるが、中身は空となる。 | BN141: -
H142: ※1 [SCBインストール先]については、詳細設計書にて定義する。
E147: 5-3-1-3. リソース監視
F148: SCBのサーバリソース（CPU、メモリ、ディスク使用率）を監視する。
F149: WebSAMエージェントをSCBにインストールすることで、リソース監視を行う。
F150: 異常検知する閾値等の詳細については、「運用基本設計書_IVR_12_システム監視方式 12-5. 運用監視項目 (2) 閾値監視」参照。
F151: 監視のシステム構成については、「5-3-1. 監視機能 ■システム構成」参照
E154: 5-3-1-4. 死活監視
F155: SCBの死活を監視する。
F156: 統合監視サーバより死活監視を行う。
C159: 5-3-2. 定期リブート
E160: 定期リブートについては、月次で定期的にサーバリブートを実施する。
E162: （参考）Avaya社は半年に1回の定期リブートを推奨している。
C183: 5-3-3. DBクリア
D184: SCB-DB内のデータを以下の条件に従い、定期的に物理削除（delete）する。
D185: 処理時間、スケジュールについては「5-3-6. ジョブスケジュール」参照。
E187: ■対象データ
F188: DBクリアする対象データについては以下の通り。
F189: No. | H189: 対象サーバー | P189: 対象DB | X189: 項目 | AL189: データ内容
F190: 1 | H190: POMDB | P190: SCB-DB | X190: コールバック情報 | AL190: コールバック情報（折電予約情報）が格納されたデータ。
F191: 2 | X191: サマリレポート | AL191: SCB管理画面上でサマリーレポートを表示させるためのデータ。 日単位でデータが存在し、日次（夜間処理）で前日分のコールバックの統計データが作成される。
E193: ■詳細
F194: ① コールバック情報
G195: 【概要】
H196: 折電処理が完了扱いとなったデータを対象とし、７日間経過したものを削除する。
H197: 完了扱いのデータとは、「5-2-2.コンタクトリスト連携 処理イメージ ②対象のコールバック情報取得 」に示す条件に合致しないものを指す。
G199: 【周期】
H200: 日次
G202: 【削除条件】
H203: コールバック情報の削除条件については、以下の通り。
H204: No. | J204: 項目 | AC204: 項目値の条件
H205: 1 | J205: CB希望日時 ※1 | AC205: 本処理起動時に７日を超過したもの
H207: ※1 CB希望日時
I208: IVR受付フローがSCB APIを利用して折電予約登録を行う際に、指定した折電希望日時が設定されている。
F210: ② サマリレポートデータ
G211: 【概要】
H212: レポート対象日付から180日を超過したものを削除する。
H213: 「レポート対象日付」とは、レポート作成（日次、夜間）の前日分を指す。
H214: 例えば、3/1業務実施分のコールバックデータは、3/2の0:00にサマリレポートが作成されるため、前日である3/1がレポート対象日付となる。
...

Sheet 5-4.SCB機能設計 (管理)
A1: SCM/POMサーバ基本設計書（AEP基盤編） SCB機能設計 (管理)
A3: 契約番号 | I3: - | AD3: システム名 | AM3: =目次!AM3 -> コールセンターシステム | BR3: 承認者 | BY3: 作成者 | CA3: MSYS
A4: プロジェクト名 | I4: =目次!I4 -> CC改革2.0 | AD4: サブシステム名 | AM4: =目次!AM4 -> SMCC-IVR
AD5: 作成日 | AH5: 44578 | AO5: 改定日 | AZ5: 承認日 | BK5: 版数 | BN5: 1
B9: 5-4. 管理機能
C11: 5-4-1.管理機能一覧
D12: SCBの管理機能一覧について、以下に記載する。
D13: 本機能はシステム管理者（POM保守担当者）、ユーザが利用することを前提とする。
E15: No. | H15: 項目 | AC15: 内容 | BH15: 備考
E16: 1 | H16: 業務 | L16: コールバック設定 | T16: ジョブ管理 | AC16: コールバック業務の運用条件を管理する。
E17: 2 | T17: コールバック業務 時間管理 | AC17: コールバック業務の業務時間を管理する。
E18: 3 | T18: 休日管理 | AC18: コールバック業務の休業日を管理する。 | BH18: 業務的に休日は存在しないため、使用しない機能。
E19: 4 | L19: 禁止電話番号管理 | AC19: コールバック禁止対象の電話番号を管理する。
E20: 5 | L20: インポートコールバックリスト | AC20: csvファイルから電話番号の一覧をインポートし、 CB待ちリストに登録する。
E21: 6 | L21: レポート管理 | T21: 実行済みリスト | AC21: コールバック実行済みのリストを表示する。
E22: 7 | T22: CB待ちリスト | AC22: コールバック待ちのリストを表示する。本リストより選択したデータのコールバックのキャンセルが可能。キャンセルを実行すると、該当データが実行済みリストに移る。 ※POM管理画面からのｷｬﾝｾﾙはSCBとのデータ整合性が取れなくなるので、ｷｬﾝｾﾙ不可。 | BH22: 「5-2-2.ｺﾝﾀｸﾄﾘｽﾄ連携」にてPOMに連携済みのﾃﾞｰﾀについては、本機能でｷｬﾝｾﾙ操作指示を出した後、ｼｽﾃﾑ側でPOM側のAPI（ｷｬﾝｾﾙ処理）を起動することで、POMへ連携したﾃﾞｰﾀについてもｷｬﾝｾﾙされる。ただし、既に架電処理が開始されたﾃﾞｰﾀのｷｬﾝｾﾙはできない。また、再架電となったｺｰﾙﾊﾞｯｸについては、POMからのデータ受け渡しがあるため、最短20分以上不可となる時間帯がある。
E23: 8 | T23: サマリーレポート | AC23: 月／日／時間帯ごとのコールバック件数の内訳を表示。
E24: 9 | H24: 保守 | L24: ユーザ管理 | AC24: 本管理ツールを使用するためのユーザー及びSmartCB サービス（API）アクセス用のユーザーを管理する。
E25: 10 | L25: システム管理 | AC25: 各種システムデータの設定、管理を行う。
B30: 5-4-2.画面
D31: SCB管理画面の仕様については、「06_基本設計書_SmartCB-管理画面」参照。
B34: 5-4-3.帳票
D35: SCBの帳票については、「05_基本設計書_SmartCB-帳票」参照。

Sheet 6-1～6-2.POM機能設計（全体概要・業務）
A1: SCM/POMサーバ基本設計書（AEP基盤編） POM機能設計
A3: 契約番号 | I3: - | AD3: システム名 | AM3: =目次!AM3 -> コールセンターシステム | BR3: 承認者 | BY3: 作成者 | CA3: MSYS
A4: プロジェクト名 | I4: =目次!I4 -> CC改革2.0 | AD4: サブシステム名 | AM4: =目次!AM4 -> SMCC-IVR
AD5: 作成日 | AH5: 44578 | AO5: 改定日 | AZ5: 承認日 | BK5: 版数 | BN5: 1
B9: 6.POM機能設計
C10: POMの機能設計については以下の通り。
C12: 6-1.全体概要
E13: POM機能のシステム全体概要については以下のとおり。
D52: [表 6-1-2 機能概要]
D53: No. | G53: 項目 | S53: 内容
D54: 1 | G54: 業務 | S54: コンタクトリスト登録、IVRフローへの顧客情報連携など、業務機能を提供する。 また、コンタクトリストに対して架電した結果をSCBへ連携する。
D55: 2 | G55: メンテナンス | S55: 監視（プロセス、サーバリソース等）、ログローテーションなどのSCBサーバに関するメンテナンス機能を提供する。
D56: 3 | G56: 管理 | S56: キャンペーン、コンタクトリスト等の管理機能を提供する。POM管理機能はブラウザを介してアクセスする。 また、本機能はシステム管理者（POM保守担当者）が利用し、SCB側のデータとの不整合を防ぐため、ユーザは本機能の利用を禁止することを前提とする。
C91: 6-2.業務機能概要
D92: POMの業務機能について、以下記載する。
E94: No. | H94: 項目 | Y94: 内容 | BN94: 備考
E95: 1 | H95: 業務 | M95: ｺﾝﾀｸﾄﾘｽﾄ連携 | Y95: コンタクトリスト（架電対象となる顧客情報）を登録するAPIを提供する。 | BN95: 機能詳細は6-2-1参照
E96: 2 | M96: POM情報連携 | Y96: POMの登録済みデータ（コンタクトリスト等）を連携するAPIを提供する。 | BN96: 機能詳細は6-2-2参照
E97: 3 | M97: 架電 | Y97: 登録済みのコンタクトリストを対象に架電する。架電する際はシステム管理者が登録したキャンペーン定義（発信可能時間帯、DNCリスト等）に則して架電し、架電した結果をコンタクトリストに反映する。 | BN97: 機能詳細は6-2-3参照
E98: 4 | M98: 架電結果連携 | Y98: コンタクトリストに登録済みの架電結果をSCBへ連携し、コールバックリストへ反映する。 | BN98: 機能詳細は6-2-4参照
D101: 6-2-1.ｺﾝﾀｸﾄﾘｽﾄ連携
E102: SCBから本APIを起動することにより、POMへコンタクトリスト（架電対象となる顧客情報）を登録する。
E103: 機能の詳細については、「5-2-2.ｺﾝﾀｸﾄﾘｽﾄ連携」参照。
D124: 6-2-2.POM情報連携
E126: POM情報連携について、APIはいくつか提供されているが、本項ではPOMに登録済みのコンタクトリスト連携を例に記載する。
E127: WAS上に配置された実行中のIVR着信フローから本APIを起動することによりデータを取得する。
E129: ■前提条件
F131: ① | G131: コンタクトリストの登録状態
G132: SCBよりPOMへコールバック情報が連携されることにより、POMへコンタクトリストが登録済である。
F134: ② | G134: コンタクトリスト取得方法
G135: Avaya OrchestrationDesigner（OD）のプラグインを利用し、IVR着信フローにコンタクト情報を取得処理を組み込んでおくこと。
G136: ※プラグイン（PDC）の種類はPOM用のものを利用する。
G137: ・使用するプラグイン：Get Contact Info
G138: ・事前準備
H139: WASからPOMへリクエストするためにWAS側に証明書のインポート（EPM、POM、axis2）が必要となる。
E141: ■処理イメージ
E157: 具体的な処理内容を以下に示す
F158: ① | G158: 顧客情報取得ﾘｸｴｽﾄ
G159: IVR着信フローよりPOMのODを利用して顧客情報の取得リクエストが行われる。
F161: ② | G161: コンタクトリスト取得
G162: IVR着信フローより指定した項目のコンタクトリストを取得する。
G163: コンタクトリスト取得可能な項目については大きく2種類の変数（配列のイメージ）が存在する。それぞれに複数の項目（属性）が定義されている。
G164: 変数別の取得可能な項目（属性）については、「03_基本設計書_POM属性一覧」参照。
G166: No. | I166: 変数名 | Y166: 説明
H167: 1 | I167: pominfo | Y167: POM製品で標準搭載されているコンタクトリスト項目群
H168: 2 | I168: pomDynamicAttributes | Y168: システム開発により、カスタマイズしたコンタクトリスト項目群
D172: 6-2-3.架電
E174: 登録済みのコンタクトリストを対象に顧客に対して架電を行い、架電結果を更新する。
E175: 架電する際の発信量はCMS2号機から取得したOP情報を元にペーシングを調整する。
E177: ■前提条件
F179: ① | G179: 架電単位とタイミング
G180: 架電は予め設定されたキャンペーン単位で行われ、コンタクトリストはキャンペーンに１対１で紐つく。
G181: コンタクトリストにデータが登録されたタイミングで架電が行われる。
F183: ② | G183: 架電方式
G184: 架電方式は、プレディクティブダイヤル方式とする。
F186: ③ | G186: キャンペーン数
G187: POMキャンペーン数は固定とする。
F189: ④ | G189: キャンペーン定義値
G190: キャンペーン定義の以下の項目については、製品制約により複数の値を設定できないため、単一の値を指定する。
H191: ・ 発信者番号通知（ANI） ※1
H192: ・ オペレータスキル（オペレータ空き情報取得時に利用）
G194: ※1 発信者番号通知については、電話回線のプロトコルがH.323であるため、製品制約により電話回線側で発番を判別できない。
I195: よって、設定値にプレフィックスを付与することにより、PBX側で発番を判別し、電話回線側に通知することで対応する。
F197: ⑤ | G197: オペレータ空き情報取得先の指定
G198: 製品仕様により、オペレータ空き情報の取得先サーバは単一指定となる（複数サーバからオペレータ空き情報を取得できない）
F200: ⑥ | G200: オペレータ空き情報取得先
G201: オペレータ空き情報の取得先はCMSサーバであるが、製品仕様によりCMS側にRT-Socketが実装されている必要があるため、取得先をCMS2号機とする。
G202: ペーシングで利用するオペレータ空き状況はACD2のCMS2号機で管理するスキルのみである。
G203: ※ 2022/3時点では、CMS2号機のみRT-Socketが実装されており、CMS1号機はRT-Socketが実装されていない。
E218: ■処理イメージ
E243: 具体的な処理内容を以下に示す
F245: ① | H245: コンタクトリスト取得
H246: POM-DBより架電対象のコンタクトリストを取得する。
I248: [表 6-2-3-1 架電対象の条件]
I249: No. | K249: 項目（POM-DB） | AH249: 項目値の条件 | BO249: 条件
I250: 1 | K250: 完了コード | V250: lastCompletionCode | AH250: null | BO250: AND
I251: 2 | K251: キャンセルフラグ | V251: cbCancelFlag | AH251: 「true」以外
F253: ② | H253: オペレータ空き情報取得
H254: CMS2号機（RT-Socket）と連携し、POMキャンペーンで指定したスキル（単一設定）の空き情報を取得し、架電量を調整する（ペーシング）。
H255: 取得項目については、以下の通り。
I257: [表 6-2-3-2 CMSより取得する情報（オペレータ空き状況）]
I258: No. | K258: 項目 | AA258: 内容
I259: 1 | K259: 平均応答スピード | AA259: 呼が応答されるまでの平均時間（秒）
I260: 2 | K260: EWT（予想待ち時間） | AA260: 待機中の呼の予測待ち時間
I261: 3 | K261: サービスレベル | AA261: 閾値内のオペレータ応答率
I262: 4 | K262: キューの長さ（待ち呼） | AA262: 待ち呼の数
F264: ③ | H264: 架電
H265: 架電対象コンタクトリストのコールバック先（折電番号）へ架電する。
F267: ④ | H267: 架電結果取得
H268: 架電した結果を取得する。
F270: ⑤ | H270: 架電結果更新
H271: 架電結果をコンタクトリスト（POM-DB）へ更新する。
F273: ⑥ | H273: IVR転送
H274: 顧客応答時、IVRへ転送を行う。
F276: ⑦ | H276: IVR着信
H277: 顧客とIVRの通話が開始される。
F279: ⑧ | H279: POM情報連携
H280: IVR着信フローよりPOMへ顧客情報連携リクエスト処理が行われ、顧客情報等のPOM情報（コンタクトリスト等）が連携される。
H281: 処理の詳細は「6-2-2. POM情報連携」参照
F283: ⑨ | H283: オペレータ転送
...

Sheet 6-3.POM機能設計 (ﾒﾝﾃ)
A1: SCM/POMサーバ基本設計書（AEP基盤編） POM機能設計
A3: 契約番号 | I3: - | AD3: システム名 | AM3: =目次!AM3 -> コールセンターシステム | BR3: 承認者 | BY3: 作成者 | CA3: MSYS
A4: プロジェクト名 | I4: =目次!I4 -> CC改革2.0 | AD4: サブシステム名 | AM4: =目次!AM4 -> SMCC-IVR
AD5: 作成日 | AH5: 44578 | AO5: 改定日 | AS5: 45432 | AZ5: 承認日 | BK5: 版数 | BN5: 1.4
B9: 6-3.メンテナンス機能概要
C11: メンテナンス機能について、以下記載する。
E13: No. | H13: 項目 | AI13: 内容 | BN13: 備考
E14: 1 | H14: メンテナンス | N14: 監視 ※1 | X14: プロセス監視 | AI14: プロセスの正常起動を定期的に監視する | BN14: 機能詳細は6-3-1-1参照
X15: アプリケーション監視 | AI15: アプリケーション正常動作を定期的に監視する | BN15: 機能詳細は6-3-1-2参照
X16: リソース監視 | AI16: CPU、メモリ、ディスク利用率を定期的に監視する | BN16: 機能詳細は6-3-1-3参照
X17: 死活監視 | AI17: 死活を定期的に監視する | BN17: 機能詳細は6-3-1-4参照
E18: 2 | N18: 定期リブート | AI18: POM（EPM、MPP、POM）のサーバリブートを定期的に行う | BN18: 機能詳細は6-3-2参照
E19: 3 | N19: DBクリア | AI19: 不要になったPOM-DB内のデータを定期的に削除する | BN19: 機能詳細は6-3-3参照
E20: 4 | N20: ログローテーション | AI20: 時間の経過とともに容量が増加する増加率が高いログ等のデータファイルについては、ディスク容量の圧迫を回避するために、データファイル削除を定期的に行う | BN20: 機能詳細は6-3-4参照
E21: 5 | N21: バックアップ | AI21: システム（OSレイヤー）をバックアップする | BN21: 機能詳細は6-3-5参照
G22: 6 | N22: backupサーバ個別ﾛｸﾞ連携 | AI22: 定義ファイルで指定したログをbackup/syslogサーバへ退避する | BN22: 機能詳細は別紙「10_基本設計書_backupサーバ個別ログ連携」を参照
G23: 7 | N23: POMサービス起動状態チェック | AI23: POMサービスの起動状態をチェックし、サービスダウンしていた場合にPOMサービスとPOMキャンペーンの再起動を行う。 | BN23: 機能詳細は別紙「11_基本設計書_POMサービス起動状態チェック」を参照
G24: 8 | N24: POMキャッシュサービス起動状態チェック | AI24: POMキャッシュサービスの起動状態をチェックし、サービスダウンしていた場合にPOMキャッシュサービスの起動を行う。 | BN24: 機能詳細は別紙「12_基本設計書_POMキャッシュサービス起動状態チェック」を参照
E25: 9 | N25: 処理実績収集 | AI25: ＣＰＵ/DISK使用率など、ハードウェアリソースの使用量を収集する | BN25: 機能詳細は6-3-6参照
E26: 10 | N26: ジョブスケジュール | AI26: 策定されたシステム稼動スケジュールおよびシステムメンテナンススケジュールに沿って各ジョブが起動、実行されるようにスケジュールを設定する | BN26: 機能詳細は6-3-7参照
E27: ※1 HW監視については、JRI様設計の範囲であることから記載の対象外とする。
C30: 6-3-1. 監視機能
E31: POMに関する監視機能について、以下に記載する。
E32: 監視機能の全体概要については「5-3-1. 監視機能」参照。
E33: 監視スケジュールについては、「6-3-6. ジョブスケジュール」参照。
E35: 6-3-1-1. プロセス監視
F36: プロセス監視する内容については、以下の通り。
F37: WebSAM代替ﾂｰﾙ（運用ﾂｰﾙ）をPOMにデプロイすることで、プロセス監視を行う。
F39: No. | I39: 項目 | R39: 監視内容 | AJ39: プロセスの説明
F40: 1 | I40: POMプロセス監視 | R40: POM Cacheプロセスの死活確認 | AJ40: Operational Databaseをインメモリで構築し、データをキャッシュすることで処理の高速化を担う。 フィルターされたレコードもこのプロセスにより、メモリー上にキャッシュされる。
F41: 2 | R41: zookeeperプロセスの死活確認 | AJ41: Supervisor Dashboardやサブスクライブしたリアルタイム・アプリケーションにPOMのリアルタイムデータを配信する。
F42: 3 | R42: kafkaプロセスの死活確認
F43: 4 | R43: POM ActiveMQプロセスの死活確認 | AJ43: POMコンポーネント間の通信を制御を行う。
F44: 5 | R44: Agent Managerプロセスの死活確認 | AJ44: エージェントの操作を管理を行う。すべての音声ベースのキャンペーンへのライセンスの配分も役割も担う。
F45: 6 | R45: Campaign Managerプロセスの死活確認 | AJ45: ストラテジーに従い発呼する。 今回は該当しないが、EメールやSMSを送信する。
F46: 7 | R46: Campaign Directorプロセスの死活確認 | AJ46: キャンペーンの起動やコンタクトリストのインポート、クリアを行う。
F47: 8 | R47: Rule Engineプロセスの死活確認 | AJ47: ルールに従い発信を制限する。
F48: 9 | R48: POM Dashboardプロセスの死活確認 | AJ48: スーパーバイザ・ダッシュボードでリアルタイム監視やキャンペーンやエージェントに対する操作が行えるようにするためのプロセス。
F56: No. | I56: 項目 | R56: 監視内容 | AJ56: プロセスの説明
F57: 10 | I57: EPMプロセス監視 | R57: httpdプロセスの死活確認 | AJ57: EPMのWebインタフェースを提供する。
F58: 11 | R58: postgresプロセスの死活確認 | AJ58: postmasterプロセスから呼ばれる、posgresのバックエンド・プロセス。
F59: 12 | R59: postmasterプロセスの死活確認 | AJ59: EPMのDBであるpostgresのデーモンプロセス。
F60: 13 | R60: javaプロセスの死活確認 | AJ60: EPM管理アプリケーションを動作させるためのプロセス。
F61: 14 | R61: activemqプロセスの死活確認 | AJ61: apacheのプロセス。
F62: 15 | R62: javaかつcoreservicesを含むプロセスの 死活監視 | AJ62: EPM管理アプリケーションを動作させるためのプロセス。
F63: 16 | I63: MPPプロセス監視 | R63: httpdプロセスの死活確認 | AJ63: MPP上で他のwebサービスが動作できるようにする。
F64: 17 | R64: mppsysmgrプロセスの死活確認 | AJ64: 多数のタスクをハンドリングし、MPPの管理を行う。また、リソース監視を行い、VPMSで設定した閾値を超えるとアラームを発する。
F65: 18 | R65: SessionManagerプロセスの死活確認 | AJ65: MPPとメディアリソースの間のやり取りを統合・管理する。
F66: 19 | R66: mppmonプロセスの死活確認 | AJ66: httpサービスをモニタし、必要に応じて再起動する。
F67: 20 | R67: ccxmlプロセスの死活確認 | AJ67: MPP上で動く各VXMLアプリの呼処理を制御する。
F68: 21 | R68: vxmlmgrプロセスの死活確認 | AJ68: セッションマネジャーと共に、複数のVXMLダイアログセッションを走らせるために動作する。
E76: 6-3-1-2. アプリケーション監視
F77: アプリケーション監視については、以下の通り。
F78: WebSAM代替ﾂｰﾙ（運用ﾂｰﾙ）をPOMにデプロイすることで、アプリケーション監視を行う。
F79: POMはEPMのプラグインとなり、EPM上で管理されるため、POMのアプリケーション監視についてはEPMにて監視する。
F80: EPMから提供されている機能を監視対象とし、基準を以下に定義する。
F81: 以下に記述する「エラー」とは「障害」「警告」レベルのログを指す。
F82: ログレベルは、「運用基本設計書_IVR_12_システム監視方式 12-5. 運用監視項目 (1) ログ監視」の記載内容に準拠する。
F84: 例）エラー発生により処理は継続するが、明らかに異常な状態であり、調査が必要であるもの
F85: 例えば、DB更新時に更新対象となるレコードが存在しないなど（POMが架電結果をSCBへ更新する）。
E88: 6-3-1-3. リソース監視
F89: POMのサーバリソース（CPU、メモリ、ディスク使用率）を監視する。
F90: WebSAM代替ﾂｰﾙ（運用ﾂｰﾙ）をPOMにデプロイすることで、リソース監視を行う。
F91: 異常検知する閾値等の詳細については、「運用基本設計書_IVR_12_システム監視方式 12-5. 運用監視項目 (2) 閾値監視」参照。
F92: 監視のシステム構成については、「5-3-1. 監視機能 ■システム構成」参照
E95: 6-3-1-4. 死活監視
F96: POMの死活を監視する。
F97: 統合監視サーバより死活監視を行う。
C100: 6-3-2. 定期リブート
D101: 定期リブートについては、月次で定期的にサーバリブートを実施する。
D103: （参考）Avaya社は半年に1回の定期リブートを推奨している。
C108: 6-3-3. DBクリア
D109: POM-DB内のデータを以下の条件に従い、定期的に物理削除（delete）する。
E111: ■対象データ
F112: DBクリアする対象データについては以下の通り。
F113: No. | H113: 対象サーバー | R113: 対象DB | AA113: 項目 | AO113: データ内容
F114: 1 | H114: POMDB | R114: POM-DB | AA114: コンタクトデータ | AO114: 架電結果を含めたコンタクトリストに登録されたコンタクトデータ
F116: 2 | AA116: レポートデータ | AO116: 実行されたキャンペーンのレポートデータ
E119: ■詳細
F120: ① コンタクトデータ
G121: 【概要】
H122: POM製品の「コンタクトデータクリアモジュール」を利用してコンタクトリストを無条件で全て削除する。
H123: コンタクトデータクリアモジュールの処理詳細については、「08_基本設計書-コンタクトデータクリアモジュール」参照。
G125: 【頻度】
H126: 日次
G128: 【条件】
H129: 条件なし
H131: ※ DBクリア処理（コンタクトデータクリアモジュール）のプロパティファイルで定義されたコンタクトリストを対象に無条件で全て削除する。
H132: 業務で利用するコンタクトリストは全てプロパティファイルに定義する。
F135: ② レポートデータ
G137: 【概要】
H138: 7日間経過した日付のレポートデータを削除する。
G140: 【頻度】
H141: 日次
G143: 【条件】
H144: 削除条件については、以下の通り。
H145: No. | J145: 項目 | AB145: 項目値の条件
H146: 1 | J146: レポートデータの日付 | AB146: DBクリア処理起動日から7日を超過したもの
C149: 6-3-4. ログローテション
D151: 「運用基本設計システム方針_3_ログ管理方式設計書 [7. ログ管理実現方式]」に定めるルールに従いローテーションを行う。
...

Sheet 6-4.POM機能設計 (管理)
A1: SCM/POMサーバ基本設計書（AEP基盤編） POM機能設計 (管理)
A3: 契約番号 | I3: - | AD3: システム名 | AM3: =目次!AM3 -> コールセンターシステム | BR3: 承認者 | BY3: 作成者 | CA3: MSYS
A4: プロジェクト名 | I4: =目次!I4 -> CC改革2.0 | AD4: サブシステム名 | AM4: =目次!AM4 -> SMCC-IVR
AD5: 作成日 | AH5: 44578 | AO5: 改定日 | AZ5: 承認日 | BK5: 版数 | BN5: 1
B9: 6-4. 管理機能
C11: 6-4-1.管理機能一覧
D12: POMの管理機能一覧について、以下に記載する。
D13: 本機能はシステム管理者（POM保守担当者）が利用する。
D14: また、SCB側のデータとの不整合を防ぐため、ユーザは利用を禁止することを前提とする。
E16: No. | H16: 項目 | AI16: 内容 | BN16: 備考
E17: 1 | H17: 保守 | N17: キャンペーン | V17: キャンペーンマネージャ | AI17: キャンペーンの作成、編集、削除、およびキャンペーンの実行を行う。 また、使用するコンタクトリスト、キャンペーン戦略をキャンペーンと紐付ける。
E18: 2 | V18: キャンペーン属性の管理 | AI18: キャンペーン属性の追加、変更、削除を行う。 | BN18: 本案件では設定不要の項目 （キャンペーン属性は使用しない）
E19: 3 | V19: 完了コードの管理 | AI19: 完了コードの作成、変更、削除を行う。顧客への発信の結果が完了コードにて示される。事前定義済みの標準完了コードとは別にコードを追加する場合は本機能で作成する。 | BN19: 本案件では設定不要の項目 （標準のコードのみ使用）
E20: 4 | V20: キャンペーン戦略の管理 | AI20: キャンペーン戦略の作成、変更、削除を行う。発信のルール、種類および、動作の設定する。
E21: 5 | V21: ルールエディタの管理 | AI21: ルールエディタの作成、変更、削除を行う。発信の回数や特定の完了コードなどで、顧客への発信を制限する。
E22: 6 | V22: コールバックマネージャ | AI22: コールバック一覧の確認および、変更を行う。POMにおいてのコールバックは、エージェントベースのキャンペーンにて、発信先顧客の応答がないときや、コールバックをリクエストされたときなどに設定する。 | BN22: 本案件では設定不要の項目
E23: 7 | V23: フィルタテンプレートの管理 | AI23: フィルタテンプレートの作成、変更、削除を行う。 コンタクトリストにフィルタ（選択）をかけることが可能。 | BN23: 本案件では設定不要の項目
E27: No. | H27: 項目 | AI27: 内容 | BN27: 備考
E28: 8 | H28: 保守 | N28: コンタクト | V28: コンタクトリストの管理 | AI28: コンタクトリストの作成、編集、削除を行う。
E29: 9 | V29: 属性の管理 | AI29: 属性の作成、変更、削除を行う。 顧客情報の属性（項目）について、事前定義済みの標準属性とは別に、必要な属性を定義する。
E30: 10 | V30: DNCリストの管理 | AI30: DNCリストの追加、削除、編集を行う。 DNCリストに載せた顧客への発信は制限される。 | BN30: 本案件では設定不要の項目
E31: 11 | V31: DNCグループの管理 | AI31: DNCグループの追加、削除、編集を行う。 複数のDNCリストを1つの DNCグループに割り当てることが可能。 | BN31: 本案件では設定不要の項目
E32: 12 | V32: ファイルスプリッタの管理 | AI32: ファイルスプリッタの追加、変更、削除を行う。 フィルタテンプレートを使用して定義された分割基準に基づいてコンタクトリストの分割が可能。
E33: 13 | N33: エージェント | V33: エージェントアドレス帳の管理 | AI33: エージェントアドレス帳の追加、削除、編集を行う。 POMクライアントに表示させたいアドレスの追加を行う。 | BN33: 本案件では設定不要の項目
E34: 14 | V34: エージェントスクリプトの管理 | AI34: エージェントスクリプトの追加、削除、編集を行う。 POMクライアントに表示させたいスクリプトを定義する。 | BN34: 本案件では設定不要の項目
E35: 15 | V35: エージェント属性の管理 | AI35: エージェント属性の追加、削除、編集を行う。 | BN35: 本案件では設定不要の項目
E36: 16 | V36: エージェント設定 | AI36: POMエージェントの追加または削除を行う。 | BN36: 本案件では設定不要の項目
E37: 17 | V37: エージェントグループの管理 | AI37: エージェントグループの作成、編集、および削除を行う。 | BN37: 本案件では設定不要の項目
E38: 18 | N38: スーパーバイザ | V38: エージェントグループ割り当て | AI38: POMユーザ（スーパーバイザ）に対し、エージェントグループを割り当てる。 | BN38: 本案件では設定不要の項目
E44: No. | H44: 項目 | AI44: 内容 | BN44: 備考
E45: 19 | H45: 保守 | N45: 各種設定 | V45: POMサーバー | AI45: POMサーバーの作成、編集、及び削除を行う。 また、POMサーバーの設定、管理を行う。
E46: 20 | V46: 信頼できる POM 証明書の 管理 | AI46: 各種証明書のインポート、取得、及び削除を行う。 | BN46: 「【CC共通化】詳細設計書_インフラ_SMCC(本番環境編)_POM(アウトバウンド編)_v1.0」を参照。
E47: 21 | V47: POM ゾーン設定の管理 | AI47: ゾーン（テナント）に割り当てるPOMサーバーを管理する。 初期では、’デフォルト’ゾーンのみが存在し、作成したPOMサーバーは’デフォルト’ゾーンに割り当てられる。 | BN47: 本案件では設定不要の項目
E48: 22 | V48: POM ライセンスの管理 | AI48: POMライセンスの管理を行う。
E49: 23 | V49: グローバル設定の管理 | AI49: POM上で共通となる各種設定を行う。
E50: 24 | V50: 削除スケジュール設定 | AI50: キャンペーンデータ（レポート）等、各種データの削除スケジュールの設定を行う。
E51: 25 | H51: 業務 | V51: 電話番号形式設定 | AI51: 発信を制限する電話番号形式の設定を行う。
E52: 26 | V52: 発信可能時間帯の設定 | AI52: 発信可能な時間帯の設定を行う。
E53: 27 | V53: CMS、スキル設定 | AI53: CMS設定、及びPOMで使用するスキルを設定する。
E54: 28 | N54: POMモニター | AI54: キャンペーンの停止、及び一時停止、再開を行う。
E55: 29 | N55: POMダッシュボード | AI55: 実行中のキャンペーン、及びエージェントのステータスのリアルタイム情報を表示する。POMモニター同様、キャンペーンの停止、及び一時停止、再開することができる。
C60: 6-4-2.画面
E61: POM管理画面の仕様については、Avaya社製品マニュアル「Using Avaya Proactive Outreach Manager」を参照。
C64: 6-4-3.帳票
E65: POMのレポートに関する仕様は、Avaya社製品マニュアル「Using Avaya Proactive Outreach Manager Reports」を参照。

Sheet 7-1～7-2.POMDB機能設計 (全体概要・ﾒﾝﾃ）
A1: SCM/POMサーバ基本設計書（AEP基盤編） DB機能設計
A3: 契約番号 | I3: - | AD3: システム名 | AM3: コールセンターシステム | BR3: 承認者 | BY3: 作成者 | CA3: MSYS
A4: プロジェクト名 | I4: CC改革2.0 | AD4: サブシステム名 | AM4: SMCC-IVR
AD5: 作成日 | AH5: 44578 | AO5: 改定日 | AZ5: 承認日 | BK5: 版数 | BN5: 1
B9: 7.POMDB機能設計
C11: 7-1.全体概要
E12: 全体概要については以下の通り。
B45: 7-2.メンテナンス機能概要
C47: メンテナンス機能について、以下に記載する。
E49: No. | H49: 項目 | AI49: 内容 | BN49: 備考
E50: 1 | H50: メンテナンス | N50: 監視 ※1 | X50: プロセス監視 | AI50: Oracleプロセスの正常起動を定期的に監視する | BN50: 機能詳細は7-2-1-1参照
X51: アプリケーション監視 | AI51: Oracle実行ログを定期的に監視する | BN51: 機能詳細は7-2-1-2参照
X52: リソース監視 | AI52: CPU、メモリ、ディスク利用率、DB使用率（表領域）を定期的に監視する | BN52: 機能詳細は7-2-1-3参照
X53: 死活監視 | AI53: 死活を定期的に監視する | BN53: 機能詳細は7-2-1-4参照
E54: 2 | N54: 定期リブート | AI54: POMDBサーバリブートを定期的に行う | BN54: 機能詳細は7-2-2参照
E55: 3 | N55: DBクリア | AI55: 不要になったSCB-DB及び、POM-DB内のデータを定期的に削除する | BN55: 機能詳細は7-2-3参照
E56: 4 | N56: ログローテーション | AI56: 時間の経過とともに容量が増加する増加率が高いログ等のデータファイルについては、ディスク容量の圧迫を回避するために、データファイル削除を定期的に行う | BN56: 機能詳細は7-2-4参照
E57: 5 | N57: バックアップ | AI57: システム（OSレイヤー）、及び、業務データ（SCB-DB、POM-DBのデータ）をバックアップする | BN57: 機能詳細は7-2-5参照
E58: 6 | N58: 統計情報の取得 | AI58: Oracleにおいて、統計情報を定期的に取得し、更新を行う。 | BN58: 機能詳細は7-2-6参照
E59: 7 | N59: 処理実績収集 | AI59: ＣＰＵ/DISK使用率など、ハードウェアリソースの使用量を収集する | BN59: 機能詳細は7-2-7参照
E60: 8 | N60: ジョブスケジュール | AI60: 策定されたシステム稼動スケジュールおよびシステムメンテナンススケジュールに沿って各ジョブが起動、実行されるようにスケジュールを設定する | BN60: 機能詳細は7-2-8参照
E62: ※1 HW監視については、JRI様設計の範囲であることから記載の対象外とする。
D66: 7-2-1. 監視機能
E68: 監視機能の全体概要については「5-3-1. 監視機能」参照。
E70: 7-2-1-1. プロセス監視
F71: プロセス監視する内容については、以下の通り。
F72: WebSAMエージェントをPOMDBにインストールすることで、プロセス監視を行う。
F74: No. | I74: 項目 | R74: 監視内容 | AJ74: プロセスの説明
F75: 1 | I75: Oracle プロセス監視 | R75: ora_pmonプロセスの死活確認 | AJ75: 他のバックグラウンド・プロセスを監視し、サーバー・プロセスまたはディスパッチャ・プロセスが異常終了した場合にプロセスのリカバリを実行するプロセスモニター。
F76: 2 | R76: ora_smonプロセスの死活確認 | AJ76: 重要なタスク(インスタンス・リカバリ、無効になったトランザクションのリカバリなど)およびメンテナンス・タスク(一時領域の再利用、データ・ディクショナリのクリーンアップ、UNDO表領域の管理など)を実行するシステムモニター。
F77: 3 | R77: tnslsnrプロセスの死活確認 | AJ77: クライアントからDatabaseへの接続依頼がきた時にDBサーバに接続要求を引き渡すプロセス。
E80: 7-2-1-2. アプリケーション監視
F81: アプリケーション監視する内容については、以下の通り。
F82: WebSAMエージェントをPOMDBにインストールすることで、アプリケーション監視を行う。
F84: No. | H84: 項目 | N84: 監視内容 | AA84: 監視対象ログファイル | AN84: 出力先 | BA84: ログ出力内容
G85: 1 | H85: Oracle ログ監視 | N85: Oracle関連のログファイルにエラーが出力されているかを監視します。 | AA85: alert_*.log | AN85: /opt/oracle/diag/rdbms/<InstanceName>/<InstanceName>/trace | BA85: データベースで発生したエラー情報が出力される。
E87: 7-2-1-3. リソース監視
F88: リソース監視する対象項目については、「運用基本設計書_IVR_12_システム監視方式 12-5. 運用監視項目 (2) 閾値監視」参照。
F89: WebSAMエージェントをPOMDBにインストールすることで、リソース監視を行う。
E93: 7-2-1-4. 死活監視
F94: POMDBの死活を監視する。
F95: 統合監視サーバより死活監視を行う。
C98: 7-2-2. 定期リブート
D99: 定期リブートについては、月次で定期的にサーバリブートを実施する。
D101: （参考）Avaya社は半年に1回の定期リブートを推奨している。
C104: 7-2-3. DBクリア
D105: POMDB（SCB-DB、POM-DB）のデータクリアについては、SCB、POMのメンテナンス機能によって定期的に処理される。
D106: DBクリア処理の詳細については、SCB-DBについては「5-3-3. DBクリア」、POM-DBについては「6-3-3. DBクリア」参照。
C131: 7-2-4. ログローテション
D133: 「運用基本設計システム方針_3_ログ管理方式設計書 [7. ログ管理実現方式]」に定めるルールに従いローテーションを行う。
D134: 対象ログと保持期間は以下の通り。
E136: No. | G136: 項目 | M136: ログファイル | V136: 出力先 | AI136: 説明 | BF136: 保持期間 ※1 | BM136: 合計サイズ ※2 | BT136: ログローテーション
E137: 1 | G137: Oracle | M137: <listenerName>_<InstanceName>.log | V137: /opt/oracle/diag/tnslsnr/<HostName>/<listenerName>_<InstanceName>/trace/<listenerName>_<InstanceName>.log | AI137: リスナーへのアクセス情報のログを出力する。 | BF137: 7日 （最大ログサイズ10MB 5世代保存） | BM137: 500 | BQ137: MB | BT137: オープン統合基盤のツール（運用ツール）を使用。
E138: 2 | M138: alert_<InstanceName>.log | V138: /opt/oracle/diag/rdbms/<InstanceName>/<InstanceName>/trace/alert_<InstanceName>.log | AI138: データベースのエラー情報、起動・停止、ログスイッチなどのログを出力する。 | BF138: 7日 | BM138: 7 | BQ138: MB | BT138: オープン統合基盤のツール（運用ツール）を使用。
E139: 3 | M139: <InstanceName>_dbrm_<pid>.trc | V139: /opt/oracle/diag/rdbms/<InstanceName>/<InstanceName>/trace/<InstanceName>_dbrm_<pid>.trc | AI139: データベース・リソース・マネージャに関連するその他タスクの実行に関するログを出力する。 | BF139: 7日 | BM139: 0.7 | BQ139: MB | BT139: オープン統合基盤のツール（運用ツール）を使用。
E140: 4 | M140: <InstanceName>_dbrm_<pid>.trm | V140: /opt/oracle/diag/rdbms/<InstanceName>/<InstanceName>/trace/<InstanceName>_dbrm_<pid>.trm | AI140: 対になるトレースファイルの構造情報を出力する。 | BF140: 7日 | BM140: 0.7 | BQ140: MB | BT140: オープン統合基盤のツール（運用ツール）を使用。
E141: 5 | M141: <InstanceName>_dia0_<pid>.trc | V141: /opt/oracle/diag/rdbms/<InstanceName>/<InstanceName>/trace/<InstanceName>_dia0_<pid>.trc | AI141: ハングおよびデッドロックの検出、解決に関するログを出力する。 | BF141: 7日 | BM141: 0.7 | BQ141: MB | BT141: オープン統合基盤のツール（運用ツール）を使用。
E142: 6 | M142: <InstanceName>_dia0_<pid>.trm | V142: /opt/oracle/diag/rdbms/<InstanceName>/<InstanceName>/trace/<InstanceName>_dia0_<pid>.trm | AI142: 対になるトレースファイルの構造情報を出力する。 | BF142: 7日 | BM142: 0.7 | BQ142: MB | BT142: オープン統合基盤のツール（運用ツール）を使用。
E143: 6 | M143: <InstanceName>_gen0_<pid>.trc | V143: /opt/oracle/diag/rdbms/<InstanceName>/<InstanceName>/trace/<InstanceName>_gen0_<pid>.trc | AI143: SQLとDMLを含む要求されたタスク実行に関するログを出力する。 | BF143: 7日 | BM143: 0.7 | BQ143: MB | BT143: オープン統合基盤のツール（運用ツール）を使用。
E149: No. | G149: 項目 | M149: ログファイル | V149: 出力先 | AI149: 説明 | BF149: 保持期間 ※1 | BM149: 合計サイズ ※2 | BT149: ログローテーション
E150: 8 | G150: Oracle | M150: <InstanceName>_gen0_<pid>.trm | V150: /opt/oracle/diag/rdbms/<InstanceName>/<InstanceName>/trace/<InstanceName>_gen0_<pid>.trm | AI150: 対になるトレースファイルの構造情報を出力する。 | BF150: 7日 | BM150: 0.7 | BQ150: MB | BT150: オープン統合基盤のツール（運用ツール）を使用。
E151: 9 | M151: <InstanceName>_mmon_<pid>.trc | V151: /opt/oracle/diag/rdbms/<InstanceName>/<InstanceName>/trace/<InstanceName>_mmon_<pid>.trc | AI151: 管理性に関する多数のタスク実行、およびそのスケジュール設定に関するログを出力する。 | BF151: 7日 | BM151: 0.7 | BQ151: MB | BT151: オープン統合基盤のツール（運用ツール）を使用。
E152: 10 | M152: <InstanceName>_mmon_<pid>.trm | V152: /opt/oracle/diag/rdbms/<InstanceName>/<InstanceName>/trace/<InstanceName>_mmon_<pid>.trm | AI152: 対になるトレースファイルの構造情報を出力する。 | BF152: 7日 | BM152: 0.7 | BQ152: MB | BT152: オープン統合基盤のツール（運用ツール）を使用。
E153: 11 | M153: sqlnet.log | V153: /opt/oracle/diag/clients/user_oracle/host_<MASHINE_HASH_VALUE>_<ADR_VERSION>/trace/sqlnet.log | AI153: クライアント側の接続情報とエラー情報のログを出力する。 | BF153: 7日 | BM153: 1 | BQ153: MB | BT153: オープン統合基盤のツール（運用ツール）を使用。
E154: 12 | G154: アクセス証跡 | M154: Wtmp | V154: /var/log/ | AI154: システムに対するログイン試行のうち、成功したものについて、その情報が記録されるログファイル。 | BF154: 180日 | BM154: 1.8 | BQ154: MB | BT154: オープン統合基盤のツール（運用ツール）を使用。
E155: 13 | M155: btmp | V155: /var/log/ | AI155: システムに対するログイン試行のうち、ログインを試みたが失敗した場合に、その情報が記録されるログファイル。 | BF155: 180日 | BM155: 9 | BQ155: MB | BT155: オープン統合基盤のツール（運用ツール）を使用。
E156: 14 | M156: secure | V156: /var/log/ | AI156: サーバーへの SSH 接続、ログイン操作が記録されるログファイル。 | BF156: 180日 | BM156: 9 | BQ156: MB | BT156: オープン統合基盤のツール（運用ツール）を使用。
BL157: 総合計サイズ（圧縮前） | BM157: =SUM(BM136:BO156) -> 533.4 | BQ157: MB
E159: ※1 例えば保持期間が7日間の場合、7日間まではログを退避し、8日間以降のものは削除する。（ ）内は1日の最大ログサイズ、及び世代数を記載。
E160: ※2 想定される最大のログ合計サイズ。
C163: 7-2-5. バックアップ
D164: POMDBのデータを定期的にバックアップする。
D165: SCB、及びPOMで利用する業務データはPOMDB（SCB-DB）で保持されており、POMDBにてバックアップを実施する。
D166: 本項ではPOMDBに関するバックアップ機能を記載する箇所だが、比較のためにSCB、POMもあわせて記載する。
E168: No. | G168: サーバ | N168: DB（ｲﾝｽﾀﾝｽ） | V168: バックアップ対象
V169: ①ｼｽﾃﾑﾃﾞｰﾀ（OSﾚｲﾔｰ） | AG169: ②業務ﾃﾞｰﾀ
F170: 1 | G170: SCB | N170: - | V170: 〇 | AG170: -
F171: 2 | G171: POM | N171: - | V171: 〇 | AG171: -
F172: 3 | G172: POMDB | N172: SCB-DB | V172: ● | AG172: ●
F173: 4 | N173: POM-DB | AG173: ●
D175: ① システムデータ
E176: 以下の内容でシステムデータのバックアップを行う。
E178: No. | G178: 項目 | S178: 内容 | AH178: バックアップ方法 | AS178: バックアップ先 | BA178: 想定容量 ※ 1 | BL178: 保持期間 | BT178: 周期
F179: 1 | G179: システムバックアップ （フルバックアップ） | S179: POMDBをシステムバックアップする | AH179: dump/restore | AS179: Backup/Syslogサーバ | BA179: =AX189 -> 14.475 | BF179: GB／世代 | BL179: 2世代 | BT179: システム設定変更時
E181: ※1 想定容量の内訳
F182: システムバックアップ想定容量は、バックアップ時の想定容量に圧縮率10％で算出する。
E184: No. | G184: 項目 | Q184: 内容 | AX184: 想定容量 | BD184: 備考
E185: a | G185: インストール資材 | Q185: OS、MW、バッチ含めたサイズ。 | AX185: 10 | BB185: GB
E186: b | G186: ログ | Q186: 「6-3-4. ログローテション」で算出した総合計サイズから、バッファ約30%を見込む（約7.5GB×130%） | AX186: 9.75 | BB186: GB
E187: c | G187: 業務データ | Q187: SMCC様の想定業務量より算出する。算出根拠については、「3-2-2.HW構成内容（必要スペック） (2)」参照。 | AX187: 125 | BB187: GB
E188: d | G188: 合計値 | Q188: （圧縮前） | AX188: =SUM(AX185:AZ187) -> 144.75 | BB188: GB
E189: e | Q189: （圧縮後） | V189: ※圧縮率10%で算出（ d×10% ） | AX189: =AX188*0.1 -> 14.475 | BB189: GB
D193: ② 業務データ
E194: 以下の内容で業務データのバックアップを行う。
E195: 週次でフルバックアップを実施し、日次で差分バックアップする。フルと差分のバックアップはどちらか一方を実施することとし、同じ日に両方実施しない。
E196: バックアップと同時に保持期間を超過したバックアップを削除する。
G197: 項目 | S197: 内容 | AH197: バックアップ方法 | AS197: バックアップ先 | BA197: 想定容量 ※ 1 | BL197: 保持期間 | BT197: 周期
F198: 1 | G198: フルバックアップ | S198: POM-DBのデータのフルバックアップする | AH198: RMAN | AS198: Backup/Syslog | BA198: 10 | BF198: GB／世代 | BL198: 2世代 | BT198: 週次
F199: 2 | S199: SCB-DBのデータのフルバックアップする | AH199: RMAN | AS199: Backup/Syslog | BA199: 115 | BF199: GB／世代 | BL199: 2世代 | BT199: 週次
F200: 3 | G200: 差分（増分）バックアップ | S200: POM-DBのデータの増分バックアップする | AH200: RMAN | AS200: Backup/Syslog | BA200: 1 | BF200: GB／世代 | BL200: 12日分 | BT200: 日次
...

Sheet 参考_ログ
A1: ログ管理方式設計書 運用管理体制
A3: 契約番号 | AD3: システム名 | AM3: コールセンターシステム | BR3: 承認者 | BY3: 作成者 | CA3: MSYS
A4: プロジェクト名 | I4: コンタクトセンター共通化 | AD4: サブシステム名 | AM4: IVR
AD5: 作成日 | AH5: 43546 | AO5: 改定日 | AZ5: 承認日 | BK5: 版数
B8: 7. ログ管理実現方式
C10: 7-1. ログローテーション
D12: 7-1-1. 方針
E14: 同一ログファイルにメッセージを出力し続ける場合、日次でログをローテーションする。
E15: ローテーションをオンライン後等のログ出力静止点のタイミングで実施するといったように、ログ単位でタイミングを指定できるようにする。
E16: ログローテーション前後でアプリケーションを停止する等の処理が必要な場合には、ジョブ実行にて実現する。
E17: なお、製品ログ等で、製品機能によりローテーションされる場合には、本機能によるローテーションは行わない。
D19: 7-1-2. ローテーション方式
E21: ローテーションされたログファイルの名前は世代が判別できることが望ましい。以下の例を推奨する。
E22: <ログファイル名>.yyyymmdd
E24: syslog.logを例にログローテーション方式を以下に示す。
A43: 図 9-1 ログローテーション方式
E45: ① JP1にスケジューリングしたジョブにより、各サーバでログローテーション機能が実行され、アクティブログに対してログローテーションを行う。
G46: ログローテーションの際、ログファイル名に日付を追加する。
E47: ② ログローテーションが行われた直後に、新しいログファイルを作成する。
C49: 7-2. ログ管理
D51: 7-2-1. 方針
E53: ログは監査およびインシデント発生時の過去ログ解析等のため、長期保管しておく必要がある。
E54: ただし、一定期間経過したログは参照する可能性が低くなるため、サーバ上からは削除する。
E55: 保管期間の方針について、以下に示す。
A57: 表 9-1 ログ保管期間方針
L58: 項番 | O58: ログ種別 | AF58: サーバ内部保管期間 | AS58: 外部保管期間 | BG58: 目的
L61: 1 | O61: セキュリティ監査ログ | AF61: 6ヵ月 | AS61: 1年6ヵ月 | BG61: ・SMCC情報システムセキュリティ管理規定より、サーバ保管終了から最低１年以上の保存期間とする ・セキュリティインシデント発覚時の追跡、および監査のため
L67: 2 | O67: セキュリティ監査ログ以外 （アプリケーションログ、製品ログ等） | AF67: 6ヵ月 （ただしログサイズが大きい場合、ディスク圧迫を避けるため保存期間を短縮する） | AS67: 1年6ヵ月 | BG67: ・故障解析時の過去ログ参照のため
D73: 7-2-2. ログ外部保管（バックアップ）方式
E75: サーバ上の当日分ログを特定ディレクトリに収集し、ArcServer製品あるいは個別収集プログラムによってBackup/Sylogサーバーへ外部保管を実施する。
E77: 各サーバで以下の処理を日次でスケジューリングする。
E78: ① 収集日当日のログを収集対象に、workディレクトリにコピーする。
E79: ② workディレクトリに収集したログ全てを対象に1つのファイルに圧縮する。
E80: ③ workディレクトリのログは全て削除する。
E81: ④ バックアップ製品であるArcServe製品を用いて、backupディレクトリの圧縮ログをバックアップする。外部保管期間はバックアップ製品機能あるいは個別アーカイブ機能で設定する。
E82: ⑤ 一定期間経過した圧縮ログを削除する。
D84: 7-2-3. ログ内部保管（削除・圧縮）方式
E86: 各サーバ内部に保管されたログに対し、日次でスケジューリングされたログ削除機能により、設定ファイルに記載した内部保管期間を超過したログファイルを削除する。
E87: システム日付とログファイルの作成日付を比較する事で、保管期間の超過を確認する。
E89: ログ内部保管によるディスク圧迫を回避するため、一定期間経過したログを圧縮する機能を設ける。

Sheet 【カメラ】監視概要
C3: [図 5-3-1 監視機能システム全体概要]

Sheet 【カメラ】受付可能時間枠
B2: ■処理イメージ
B3: 例) 2022/3/1の場合
Y34: ■ 折電予約の受付可能な時間枠（受付上限数10の場合）
Y35: No. | Z35: 受付時間枠 | AC35: 受付上限数 | AD35: 受付数
Y36: 1 | Z36: 44621 | AA36: 0.375 | AB36: 0.41666667 | AC36: 10 | AD36: 10 | AE36: →空きなし
Y37: 2 | Z37: 44621 | AA37: 0.41666667 | AB37: 0.45833333 | AC37: 10 | AD37: 10 | AE37: →空きなし
Y38: 3 | Z38: 44621 | AA38: 0.45833333 | AB38: 0.5 | AC38: 10 | AD38: 8 | AE38: ←空きあり（受付上限数＞受付数）
Y39: 4 | Z39: 44621 | AA39: 0.5 | AB39: 0.54166667 | AC39: 10 | AD39: 5 | AE39: ←空きあり（受付上限数＞受付数）
Y40: 5 | Z40: 44621 | AA40: ・・ | AB40: ・・ | AC40: ・・ | AD40: ・・

Sheet 【カメラ】予約登録
C2: ■処理イメージ
O26: ■ 折電予約情報 登録後のイメージ
O27: 登録後のDB状態をイメージできるよう主要な項目のみ記載する。
O28: 折電予約時の発信者番号 | P28: 架電先の電話番号 | Q28: 折電希望日時 | R28: 即時フラグ | S28: ｶｽﾀﾑﾌｨｰﾙﾄﾞ1 | T28: ｶｽﾀﾑﾌｨｰﾙﾄﾞ2 | U28: ｶｽﾀﾑﾌｨｰﾙﾄﾞ3 | W28: jobId | X28: ジョブID *管理画面の「ジョブ」で確認可能 *API - GET: /job/dnis/{dnis} のレスポンスbodyに含まれる「id」
S29: 選択用件 ※1 | T29: 会員番号 ※1 | U29: 本人確認情報 ※1 | W29: ani | X29: 折電予約時の発信者番号
O30: 09011111111 | P30: 08033333333 | Q30: 44621.475 | R30: true | S30: 紛失盗難 | T30: 123412341234 | U30: 確認済み | W30: callbackTel | X30: 架電先の電話番号
O31: 09022222222 | P31: 08044444444 | Q31: 44621.485 | R31: false | S31: 利用不可 | T31: 678967896789 | U31: 未確認 | W31: preferredDate | X31: 折電希望日時 フォーマット： "YYYY-MM-DD hh:mm:ss" *即時指定の場合は""を設定
O32: ・・ | P32: ・・ | Q32: ・・ | R32: ・・ | S32: ・・ | T32: ・・ | U32: ・・ | W32: immediateFlag | X32: 即時フラグ true:即時指定, false:日時指定
O33: ※1 ｶｽﾀﾑﾌｨｰﾙﾄﾞは想定される設定項目（上記例では3項目を表示しているが、計5項目存在する） | W33: registrationSourceId | X33: 受付チャネル 0:IVRから予約, 1:Webから予約
W34: custom1 | X34: カスタムフィールド１
W35: custom2 | X35: カスタムフィールド２
W36: custom3 | X36: カスタムフィールド３
W37: custom4 | X37: カスタムフィールド４
W38: custom5 | X38: カスタムフィールド５

Sheet 【カメラ】予約種類
AE2: ■ 架電ﾘｽﾄ抽出のイメージ
AE3: <SCB定義値>
AF4: リトライ回数
AF5: ２
AE7: <SCB-DB>
AF8: ステータス | AG8: 架電回数
AF9: 待ち | AG9: 0 | AH9: 初回架電
AF10: 待ち | AG10: 0 | AH10: 初回架電
AF11: 待ち | AG11: 1 | AH11: 再架電(POMから架電結果連携後のデータ）
AF12: 完了 | AG12: 2
AF13: 完了 | AG13: 1

Sheet 8.セキュリティ設計
A1: SCB/POMサーバ基本設計書（AEP基盤編） セキュリティ設計
A3: 契約番号 | I3: - | AD3: システム名 | AM3: =目次!AM3 -> コールセンターシステム | BR3: 承認者 | BY3: 作成者 | CA3: MSYS
A4: プロジェクト名 | I4: =目次!I4 -> CC改革2.0 | AD4: サブシステム名 | AM4: =目次!AM4 -> SMCC-IVR
AD5: 作成日 | AH5: 44566 | AO5: 改定日 | AZ5: 承認日 | BK5: 版数 | BN5: 1
B9: 8.セキュリティ設計
C11: 8-1.ID設計（ユーザ管理）
F13: 本システムのMW（SW）で使用する各ユーザのID設計を記載する。
E15: (1) SCB
F16: SCBにアクセスするためのユーザーIDを設定する。
F17: 各ユーザーにて権限を持っている項目のみ操作可能。
F19: ログイン先 | L19: プロダクト | R19: 利用用途 | X19: 権限 | AH19: ID作成方法（※1） | AU19: PW変更ルール（※2） | BE19: 備考
F20: SCB | L20: SCB | R20: 業務 | X20: グループ管理者 | AH20: SCB管理ツール上より | AU20: 有 | BE20: ログインユーザー が属する グループ に対して、 「システム管理」以外のメニューの操作が可能
F21: 管理画面 | X21: （ADMIN） | AH21: 作成
X25: レポートユーザー | AH25: SCB管理ツール上より 作成 | AU25: 有 | BE25: ログインユーザー が属する グループ に対して、
X26: （REPORT） | BE26: 「レポート管理」 の操作が可能
R28: 開発/保守 | X28: システム管理者 | AH28: 初期インプリ済み | AU28: 無 | BE28: 全てのグループ に対して、
X29: （SYSTEM） | BE29: 全メニューの操作が可能
F33: (※1) | I33: SCBにおいて、ユーザIDには、半角英数字、最大20文字まで指定可能。
F34: (※2) | I34: 保守開発で利用するIDはルール適用外のためPW変更ルール適用外。それ以外は、JRI様のルールに準拠することとする。
I35: また、SCBにおいて、ユーザのパスワードポリシー設定、及び、パスワードの有効期限ポリシー設定機能は提供されていないが、
I36: （パスワードに設定できる値の条件の指定、及びパスワード強制更新時期の設定は行えない）
I37: 運用において、パスワードは12桁以上、アルファベット大文字小文字、数字、記号の組み合わせとする制約に準拠することとする。
I38: なお、製品の標準の制約ではパスワードに記号を使用することが不可であったため、パスワードに使用可能な文字について、本案件用に以下改修を行う。（Avaya社対応）
J39: ・ | K39: 改修前：パスワードには、半角英数字、6文字以上、最大20文字まで入力可能。（大文字・小文字を区別）
J40: ・ | K40: 改修後：パスワードには、半角英数字、記号、6文字以上、最大20文字まで入力可能。（大文字・小文字を区別）
E49: (2) POM
F51: POMは製品仕様により、権限と役割をEPM管理画面にて定義する仕様であるため、固定ユーザはいない。
F52: EPMも同様、権限と役割をEPM管理画面にて定義する仕様であるが初期インプリ済みのユーザが１ユーザ存在する。
F53: 各ユーザーにて権限を持っている項目のみ操作可能。
F54: ログイン先 | L54: プロダクト | R54: 利用用途 | X54: 権限 | AH54: ID作成方法 | AU54: PW変更ルール（※2） | BE54: 備考
F55: EPM | L55: EPM | R55: 業務 | X55: 業務では利用しない
F56: 管理画面 | R56: 開発/保守 | X56: 管理者 | AH56: EPM管理画面上よりユーザID別に権限を設定する | AU56: 無 | BE56: EPM管理画面の全メニューが操作が可能
X58: 監査者 | BE58: 監査ログに関するメニューの操作が可能
X60: メンテナンス | BE60: メンテナンスに関するメニューの操作が可能 ※「システム管理」 のメニューおいては 各マネージャ、ソフトウエアのアップデートの 操作は不可
X65: オペレーション | BE65: オペレーションに関するメニューの操作が可能 ※「システム管理」 のメニューおいては ソフトウエアのアップデートの操作は不可
X69: Privacy Manager | BE69: アプリケーションのメニューの操作が可能
X71: レポーティング | BE71: レポートのメニューの操作が可能
X73: ユーザマネージャ | BE73: ユーザー管理のメニューの操作が可能
X75: ウェブサービス | BE75: EPM管理画面の表示のみで、操作は不可
L77: POM | R77: 業務 | X77: 業務では利用しない
R78: 開発/保守 | X78: POM管理者 | AH78: EPM管理画面上よりユーザID別に権限を設定する | AU78: 無 | BE78: POMのシステム設定の操作が可能
X80: POMキャンペーン | BE80: POMのキャンペーン設定の操作が可能
X81: マネージャ | BE81: コンタクトリスト属性設定の操作が可能
X83: POMコンタクト属性 のマスク解除 | BE83: POMコンタクト属性のマスク解除が可能
X86: POM スーパーバイザー | BE86: キャンペーンの実行、停止が可能
F88: - | L88: MPP | R88: 業務 | X88: なし
R89: 開発/保守 | X89: なし | AH89: - | AU89: - | BE89: EPM管理画面の各ユーザの権限において
BE90: プロダクトとしてMPPのグループは
BE91: 設けられていない。
F93: (※2) 保守開発で利用するIDはルール適用外のためPW変更ルール適用外。それ以外は、JRI様のルールに準拠することとする
F115: EPMのユーザのパスワードポリシー設定、及び、パスワードの有効期限ポリシー
G117: 以下、EPM及びPOMユーザーログインのパスワードポリシー設定、及び、パスワードの有効期限ポリシーの設定項目を記載する。
G118: なお、設定項目「パスワードの有効期限」及び、「パスワード有効期限切れ警告」以外は、全ユーザへ設定が適用される。
G119: 分類 | Q119: 設定項目 | AE119: 概要 | BA119: 備考
G120: パスワードポリシー | Q120: 最低文字数 | AE120: 最低パスワードの長さ （文字数）を設定可能
G121: 設定
Q122: パスワードの組み合わせ | AE122: 以下から選択して設定 | BA122: パスワードの組み合わせの条件として、①、②より
AE123: ①．文字と数字の組み合わせ | BA123: １つ選択する必要がある。
AE124: ②．文字タイプごとの最小文字数 | BA124: ②の場合、大文字、小文字、数字、特殊文字の
BA125: 各文字の最小文字数をそれぞれ設定可能。
G127: パスワードの | Q127: パスワードの有効期限 | AE127: パスワードの有効期限を指定する | BA127: ユーザ追加時、ユーザ毎に
G128: 有効期限ポリシー | Q128: （日数） | BA128: パスワード有効期限の設定有無の選択が可能
G129: 設定
Q130: パスワード | AE130: パスワードの有効期限切れを警告する日数を
Q131: 有効期限切れ警告 | AE131: 指定する
Q132: （日数）
E154: (3) POMDB
F156: POMDBのRDBMSはOracle19cとなる。
F158: ・DB構成について
G159: 本システムでは、１つのDBサーバに対し、SCB、POMの両プロダクトから使用されることとなるが、その影響を考慮し、使用領域を分ける必要がある。
G160: 各プロダクトで使用しているの領域のバックアップ、リストアが個別で可能という観点から、インスタンス（クラスタ）単位で使用領域を分離させることとする。
F162: ・SCB、及びPOMからのアクセスユーザについて
G163: 上記「DB構成について」に記載の通り、DBはインスタンス単位で分けることとなるため、
G164: 各プロダクトで使用するインスタンスに紐づくユーザをそれぞれ作成し（計２ユーザ作成）、それを各プロダクトからDBにアクセスする際に使用するユーザとする。
F166: ・SCB、及びPOMからのアクセスユーザの権限について
G167: 上記「SCB、及びPOMからのアクセスユーザについて」にて記載した作成ユーザは、
G168: 所属インスタンスのデータベース、テーブルの作成（※）、及び一通りのデータの操作（DML）が行える権限があるものとする。
G170: ※ | H170: SCB、POM共に、構築時に各サーバ（SCBサーバ、POMサーバ）よりプロダクト毎に用意されているシェル、及びDDLファイルを実行することにより、
H171: データベース、テーブル及び初期データの作成を行う。
H172: 各アクセスユーザはプロダクトから発生する通常のデータ操作に加え、上記の処理が行える権限を持つ必要がある。
F174: ・PW変更ルールについて
G175: SCB、POMにて使用するアクセスユーザについて、業務では使用されないためPW変更ルール適用外とする。
F177: ・データ操作について
G178: データ操作においては、必ずAvaya社が提供するAPIを介して操作を行うものとする
G179: API以外からのアクセス（DBツール等）によるデータの直接編集は行わないこととする（Avaya非推奨）
C191: 8-2.暗号化
D192: 8-2-1 通信の暗号化
E193: 暗号化された通信プロトコルを使用することで実現する。
E194: 本システムの各通信における暗号化方式を以下に示す。
E195: ※各通信の詳細は「4.NW構成」参照
AL196: 〇暗号化する、-しない | AZ196: 〇証明書を導入する、-しない
C197: No. | F197: プロダクト | L197: カテゴリ | V197: 機器（API名称） | AL197: 暗号化 | AZ197: 証明書
C198: （※1） | V198: from（※2） | AD198: to | AL198: 暗号化有無 | AS198: 暗号化レベル | AZ198: 証明書有無 | BG198: 使用する証明書
C199: ① | F199: MPP | L199: 音声制御 | V199: POM | AD199: G450 | AL199: - | AS199: - | AZ199: - | BG199: -
C200: ② | F200: SCB | L200: 折電予約 | V200: WAS | AD200: SCB | AL200: 〇 | AS200: TLS1.2 | AZ200: - | BG200: -
C201: ③ | F201: POM | L201: 架電データ投入 | V201: SCB | AD201: POM | AL201: 〇 | AS201: TLS1.2 | AZ201: 〇 | BG201: POM証明書（SCBサーバへ導入）：rootepm.pem
C202: ④ | F202: SCB | L202: 架電結果取得 | V202: POM | AD202: SCB | AL202: 〇 | AS202: TLS1.2 | AZ202: - | BG202: -
C203: ⑤ | F203: POM | L203: 顧客情報連携 | V203: WAS | AD203: POM | AL203: 〇 | AS203: TLS1.2 | AZ203: 〇 | BG203: ・POM証明書（WASサーバへ導入）：pom.pem、rootepm.pem、axis2 →https接続時に利用される ・WASサーバ証明書（POMへ導入）
C204: ⑥ | F204: SCB | L204: DBデータ参照/更新 | V204: SCB | AD204: POMDB | AL204: - | AS204: - | AZ204: - | BG204: -
C205: ⑦ | F205: POM | L205: DBデータ参照/更新 | V205: POM | AD205: POMDB | AL205: - | AS205: - | AZ205: - | BG205: -
...

Sheet 9.ミドルウェアキャパシティ設計
A1: SCB/POMサーバ基本設計書（AEP基盤編） ミドルウェアキャパシティ設計
A3: 契約番号 | I3: - | AD3: システム名 | AM3: =目次!AM3 -> コールセンターシステム | BR3: 承認者 | BY3: 作成者 | CA3: MSYS
A4: プロジェクト名 | I4: =目次!I4 -> CC改革2.0 | AD4: サブシステム名 | AM4: =目次!AM4 -> SMCC-IVR
AD5: 作成日 | AH5: 44557 | AO5: 改定日 | AZ5: 承認日 | BK5: 版数 | BN5: 1
B9: 9.ミドルウェアキャパシティ設計
C11: 9-1.基礎数値
E12: 本システムにおけるシステム上限数量については、「3-2.HW構成 3-2-3 (1)」参照。
C48: 9-2.ライセンス
D50: 各環境にて、SCB、POM導入に必要なライセンス数量を以下に記述する。
E53: 機器 | K53: ライセンス名称 | AL53: 数量 | AU53: 備考
AL54: 本番 | AO54: 研修 | AR54: 開発
E55: SCB | K55: SmartCB サーバーライセンス | AL55: 1 | AO55: 1 | AR55: 1 | AU55: SmartCB を使用するために必要なサーバライセンス。 SmartCBサーバー1台に本ライセンスが1つ必要。
K56: SmartCBポートライセンス | AL56: 26 | AO56: 3 | AR56: 3 | AU56: コールバックを実施する際に必要なポートライセンス。
E57: POM | K57: APOM R4 OUTBOUND PER PORT VOICE LIC:CU | AL57: 26 | AO57: 3 | AR57: 3 | AU57: POMから架電する際に必要なPOMのポートライセンス。 1ポートにつき、1ライセンス必要。 ※数量について、最大同時架電数（MPPチャネル数）を18で定義する
K58: AEP R8 PER PORT NEW APPLICATION PACKAGE LIC:CU | AL58: 26 | AO58: 3 | AR58: 3 | AU58: H. 323 接続にて架電する際に必要なEPMのポートライセンス。 1ポートにつき、1ライセンス必要。
K59: AEP R8 ZONE PORT LIC:CU | AL59: 26 | AO59: 3 | AR59: 3 | AU59: 日本時間を利用するために必要なEPMゾーンライセンス。 EPMのポート数分必要。 ※ルールなどで日本時間で架電時間の制限をかけるために必要
K60: AVAYA AURA ORCHESTRATION DESIGNER R8 LIC:DS | AL60: 1 | AO60: 1 | AR60: 1 | AU60: AAOD（IVRフロー開発ツール）を利用するために必要なライセンス。
E61: CMS | K61: RT_Socket | AL61: 2 | AR61: 2 | AU61: スキル毎のオペレータの空き状況を取得するための、CMS-Webリアルタイムレポート用ライセンス。 POMにて架電ペースを決定する際に必要となる。 内訳は、本番/研修環境は共有環境であり（同じ環境で用途が違う）、CMS（Active,Stanbyでそれぞれライセンスは1個必要）で合計2つ、開発環境も同じ考え方で合計2つとなる。 ※どちらの環境もアクティブ系、スタンバイ系のCMSに１つずつ必要
C67: 9-3.システム上限数量
D69: 本システムにおけるシステム上限数量については、「3-2.HW構成 3-2-3 (1)」参照。

Sheet 10.障害対策設計
A1: SCB/POMサーバ基本設計書（AEP基盤編） 障害対策設計
A3: 契約番号 | I3: - | AD3: システム名 | AM3: =目次!AM3 -> コールセンターシステム | BR3: 承認者 | BY3: 作成者 | CA3: MSYS
A4: プロジェクト名 | I4: =目次!I4 -> CC改革2.0 | AD4: サブシステム名 | AM4: =目次!AM4 -> SMCC-IVR
AD5: 作成日 | AH5: 44566 | AO5: 改定日 | AZ5: 承認日 | BK5: 版数 | BN5: 1
B9: 10.障害対策設計
C11: 10-1.障害対策方針
D12: 二重障害は想定せず、単一障害を想定した障害対策を基本方針とする。
C14: 10-2.障害時の影響とその対策
D15: プロダクト別に障害が発生した場合の業務影響とその対策を以下に記載する。
D17: 10-2-1 サーバ障害
CD18: 〇：影響あり、△：影響あり（条件付き）、-：影響なし
E19: No. | G19: 対象 | J19: 障害ﾊﾟﾀｰﾝ | P19: ｼｽﾃﾑ状況 | U19: 業務影響 | AV19: 復旧方法 | BM19: 復旧までの運用対処
U20: 項目 | AA20: 影響 | AD20: 内容
F21: 1 | G21: SCB | J21: 仮想基盤（OS） 障害 | P21: SCB ｻｰﾋﾞｽ停止 | U21: 折電予約 | AA21: 〇 | AD21: 折電予約が受付できない | AV21: ■SCB保守担当者 仮想基盤（OS）のバックアップ情報をリストアすることで復旧させる | BM21: ■ IVR保守担当者 ・折電予約受付時にシステムメンテナンス中アナウンスを折電予約コールフロー側で再生することで、折電予約を受け付けないようにする ■ ユーザ業務担当者 ・障害が発生前までの折電予約受付分をIVR側でデータ出力し、手架電にて運用する
U22: 架電（再架電） | AA22: △ | AD22: 障害発生前までの予約受付分について、既にPOMへ連携した受付分は架電可能であるが、その後の再架電は不可となる 障害発生後の予約受付分については、再架電を含め、架電は不可となる
U23: 管理 | AA23: 〇 | AD23: SCB管理画面を利用できない
F24: 2 | J24: ﾐﾄﾞﾙｳｪｱ ｱﾌﾟﾘｹｰｼｮﾝ 障害 | U24: 折電予約 | AA24: 〇 | AD24: 折電予約が受付できない | AV24: ■SCB保守担当者 アプリケーション、ミドルウェアの障害調査を実施し調査結果に応じた対応を行う。結果復旧が困難な場合は、正常稼働していた時点の仮想基盤（OS）のバックアップデータを、リストアする。
U25: 架電（再架電） | AA25: △ | AD25: 障害発生前までの予約受付分について、既にPOMへ連携した受付分は架電可能であるが、その後の再架電は不可となる 障害発生後の予約受付分については、再架電を含め、架電は不可となる
U26: 管理 | AA26: 〇 | AD26: SCB管理画面を利用できない
F27: 3 | G27: POM | J27: 仮想基盤（OS） 障害 | P27: POM ｻｰﾋﾞｽ停止 | U27: 折電予約 | AA27: - | AD27: 影響なし | AV27: ■POM保守担当者 仮想基盤（OS）のバックアップ情報をリストアすることで復旧させる | BM27: ■ IVR保守担当者 ・折電予約受付時にシステムメンテナンス中アナウンスを折電予約コールフロー側で再生することで、折電予約を受け付けないようにする ■ ユーザ業務担当者 ・障害が発生前までの折電予約受付分をIVR側でデータ出力し、手架電にて運用する
U28: 架電（再架電） | AA28: 〇 | AD28: 架電できない
U29: 管理 | AA29: - | AD29: 影響なし（POM管理画面を業務で利用しないため）
F30: 4 | J30: ﾐﾄﾞﾙｳｪｱ ｱﾌﾟﾘｹｰｼｮﾝ 障害 | U30: 折電予約 | AA30: - | AD30: 影響なし | AV30: ■POM保守担当者 アプリケーション、ミドルウェアの障害調査を実施し調査結果に応じた対応を行う。結果復旧が困難な場合は、正常稼働していた時点の仮想基盤（OS）のバックアップデータを、リストアする。
U31: 架電（再架電） | AA31: 〇 | AD31: 架電できない
U32: 管理 | AA32: - | AD32: 影響なし（POM管理画面を業務で利用しないため）
F33: 5 | G33: POM | J33: 仮想基盤（OS） 障害 | P33: SCB-DB POM-DB ｻｰﾋﾞｽ停止 | U33: 折電予約 | AA33: 〇 | AD33: 折電予約が受付できない | AV33: ■SCB、POM保守担当者 仮想基盤（OS）のバックアップ情報をリストアすることで復旧させる | BM33: ■ IVR保守担当者 ・折電予約受付時にシステムメンテナンス中アナウンスを折電予約コールフロー側で再生することで、折電予約を受け付けないようにする ■ ユーザ業務担当者 ・障害が発生前までの折電予約受付分をIVR側でデータ出力し、手架電にて運用する
G34: DB | U34: 架電（再架電） | AA34: △ | AD34: 障害発生前までの予約受付分について、既にPOMへ連携した受付分は架電可能であるが、その後の再架電は不可となる 障害発生後の予約受付分については、再架電を含め、架電は不可となる
U35: 管理 | AA35: 〇 | AD35: SCB管理画面を利用できない
F36: 6 | J36: ﾐﾄﾞﾙｳｪｱ ｱﾌﾟﾘｹｰｼｮﾝ 障害 | U36: 折電予約 | AA36: 〇 | AD36: 折電予約が受付できない | AV36: ■SCB、POM保守担当者 アプリケーション、ミドルウェアの障害調査を実施し調査結果に応じた対応を行う。結果復旧が困難な場合は、正常稼働していた時点の仮想基盤（OS）のバックアップデータを、リストアする。
U37: 架電（再架電） | AA37: 〇 | AD37: 障害発生前までの予約受付分について、既にPOMへ連携した受付分は架電可能であるが、その後の再架電は不可となる 障害発生後の予約受付分については、再架電を含め、架電は不可となる
U38: 管理 | AA38: 〇 | AD38: SCB管理画面を利用できない
F39: 7 | J39: 仮想基盤（OS） 障害 | P39: POM-DBインスタンス停止 | U39: 折電予約 | AA39: - | AD39: 影響なし | AV39: ■POM保守担当者 仮想基盤（OS）のバックアップ情報をリストアすることで復旧させる
U40: 架電（再架電） | AA40: 〇 | AD40: 架電できない
U41: 管理 | AA41: - | AD41: 影響なし（POM管理画面を業務で利用しないため）
F42: 8 | J42: ﾐﾄﾞﾙｳｪｱ ｱﾌﾟﾘｹｰｼｮﾝ 障害 | U42: 折電予約 | AA42: - | AD42: 影響なし | AV42: ■POM保守担当者 DBの障害調査を実施し調査結果に応じた対応を行う。結果復旧が困難な場合は、DBを再構築後、正常稼働していた時点のDBバックアップデータを、リストアする。
U43: 架電（再架電） | AA43: 〇 | AD43: 架電できない
U44: 管理 | AA44: - | AD44: 影響なし（POM管理画面を業務で利用しないため）
D48: 10-2-2 機器障害
D50: No | F50: 障害対象 | N50: 影響を受けるサーバ | AE50: 障害発生時の影響 | BD50: 障害発生時の対策
D52: 1 | F52: 本番機 | N52: SCB POM POMDB | AE52: 左記サーバが提供している機能が一律失われる ※各サーバ障害時のシステム動作、業務影響は（１）にて個別に記載した内容と同様。 | BD52: 左記サーバ（仮想機器）を全て別機器へ移動する。 ※サポート対象はVMHAのみで、vMotionはAvayaサポート対象外 ※別機器へ移動した際、MACアドレスが変わる場合は、移動後のMACアドレスでライセンス情報を払い出し、ライセンスの再登録が必要
D53: 2 | F53: 研修機 | N53: SCB 研修 POM 研修 POMDB 研修 | AE53: 左記サーバが提供している機能が一律失われる ※各サーバ障害時のシステム動作、業務影響は（１）にて個別に記載した内容と同様。 | BD53: 左記サーバ（仮想機器）を全て別機器へ移動する。 ※サポート対象はVMHAのみで、vMotionはAvayaサポート対象外
D54: 3 | F54: 開発機 | N54: SCB 開発 POM 開発 POMDB 開発 | AE54: 左記サーバが提供している機能が一律失われる ※各サーバ障害時のシステム動作、業務影響は（１）にて個別に記載した内容と同様。 | BD54: 左記サーバ（仮想機器）を全て別機器へ移動する。 ※サポート対象はVMHAのみで、vMotionはAvayaサポート対象外
D56: 10-2-3 関連システム障害
D58: No | F58: 障害対象 | N58: 影響を受けるサーバ | AE58: 障害発生時の影響 | BD58: 障害発生時の対策
D60: 1 | F60: IVR（WAS） | N60: SCB、POM | AE60: 対象機器は冗長化構成の為、業務継続可能。 障害ノードで処理中の呼のみエラーとなる。 | BD60: 障害ノードで処理中の呼については、架電者にエラーアナウンスを返す。
D61: 2 | F61: G450 | N61: POM
D62: 3 | F62: CM | N62: POM
D63: 5 | F63: AES | N63: POM
D64: 4 | F64: CMS | N64: POM | AE64: PD架電時のペーシングに影響。 最後に取得できたデータで、ペーシングを計算。スレッショルド以下であればキャンペーンは発呼を続け、それ以上であれば発呼停止を継続する。 | BD64: 障害発生機器の復旧を待つか、あるいは業務への影響如何によっては折電予約受付、PD架電の停止を検討する。
D66: 10-2-4 障害復旧時間について
D68: ハードウェア障害は予備サーバへの切り替えにより、１時間以内の復旧を目指す。
D69: データ破損を伴う障害の場合は、復旧時間を都度調整とする。

Sheet 11.運用設計
A1: SCB/POMサーバ基本設計書（AEP基盤編） 運用設計
A3: 契約番号 | I3: - | AD3: システム名 | AM3: =目次!AM3 -> コールセンターシステム | BR3: 承認者 | BY3: 作成者 | CA3: MSYS
A4: プロジェクト名 | I4: =目次!I4 -> CC改革2.0 | AD4: サブシステム名 | AM4: =目次!AM4 -> SMCC-IVR
AD5: 作成日 | AH5: 44557 | AO5: 改定日 | AZ5: 承認日 | BK5: 版数 | BN5: 1
B9: 11.運用設計
D12: SMCC-IVRシステムの運用基本設計書にて記述する。

Sheet 12.ホスト名ネーミングルール
A1: SCB/POMサーバ基本設計書（AEP基盤編） ホスト名ネーミングルール
A3: 契約番号 | I3: - | AD3: システム名 | AM3: =目次!AM3 -> コールセンターシステム | BR3: 承認者 | BY3: 作成者 | CA3: MSYS
A4: プロジェクト名 | I4: =目次!I4 -> CC改革2.0 | AD4: サブシステム名 | AM4: =目次!AM4 -> SMCC-IVR
AD5: 作成日 | AH5: 44557 | AO5: 改定日 | AZ5: 承認日 | BK5: 版数 | BN5: 1
B9: 12.ホスト名ネーミングルール
D12: 【CC共通化】基本設計書_共通_別紙1_SMCC_ホスト名ネーミングルールにて記述する。

Sheet 13.バックアップサーバ設計
A1: SCB/POMサーバ基本設計書（AEP基盤編） バックアップサーバ設計
A3: 契約番号 | I3: - | AD3: システム名 | AM3: =目次!AM3 -> コールセンターシステム | BR3: 承認者 | BY3: 作成者 | CA3: MSYS
A4: プロジェクト名 | I4: =目次!I4 -> CC改革2.0 | AD4: サブシステム名 | AM4: =目次!AM4 -> SMCC-IVR
AD5: 作成日 | AH5: 44566 | AO5: 改定日 | AZ5: 承認日 | BK5: 版数 | BN5: 1
B9: 13.バックアップサーバ設計
C11: バックアップサーバ設計については、以下参照。（環境ごとに参照先が異なる）
D13: ・本番/研修環境
E14: 【CC共通化】基盤基本設計書_SMCC_IVR(本番・研修環境)
D16: ・開発環境
E17: 【CC共通化】基盤基本設計書_SMCC_IVR(開発環境)

Sheet 14.時刻同期設計
A1: SCB/POMサーバ基本設計書（AEP基盤編） 時刻同期設計
A3: 契約番号 | I3: - | AD3: システム名 | AM3: =目次!AM3 -> コールセンターシステム | BR3: 承認者 | BY3: 作成者 | CA3: MSYS
A4: プロジェクト名 | I4: =目次!I4 -> CC改革2.0 | AD4: サブシステム名 | AM4: =目次!AM4 -> SMCC-IVR
AD5: 作成日 | AH5: 44557 | AO5: 改定日 | AZ5: 承認日 | BK5: 版数 | BN5: 1
B9: 14.時刻同期設計
D11: 時刻同期設計については、「運用基本設計書_IVR_11_時刻同期運用方式」にて記述する。

Sheet 15.用語集
A1: SCB/POMサーバ基本設計書（AEP基盤編） 用語集
A3: 契約番号 | I3: - | AD3: システム名 | AM3: =目次!AM3 -> コールセンターシステム | BR3: 承認者 | BY3: 作成者 | CA3: MSYS
A4: プロジェクト名 | I4: =目次!I4 -> CC改革2.0 | AD4: サブシステム名 | AM4: =目次!AM4 -> SMCC-IVR
AD5: 作成日 | AH5: 44532 | AO5: 改定日 | AZ5: 承認日 | BK5: 版数 | BN5: 1
B9: 15.用語集
D11: 【CC共通化】基本設計書_共通_別紙2_CTI基盤_用語集（本番環境編）にて記述する。

Sheet 【カメラ】CMS接続

Sheet 【カメラ】全体概要図
B2: [図 5-1-1 SCB機能システム全体概要]
B64: [図 6-1-1 POM機能システム全体概要]
B126: [図 5-2-2.ｺﾝﾀｸﾄﾘｽﾄ連携処理イメージ]
B158: [図 6-2-2.顧客情報連携イメージ]
B179: [図 6-2-3.架電処理イメージ]
B218: [図 6-2-4.架電結果連携イメージ]
B254: [図 7-1-1 SCB機能システム全体概要]
